,isrc
0,QMQ241200008
1,usx9p0960226
2,ushm81560228
3,ushm81586992
4,ushm81454894
5,Deae61400050
6,USZPD0610481
7,uscgh1626767
8,ushm81454895
9,USFM91300021
10,ushm21530712
11,USCGJ1890870
12,ushm81560229
13,usdy41696821
14,DEAS90500024
15,uscgj1699498
16,USHM21685992
17,uscgh1626774
18,uscgh1626775
19,uscgh1627291
20,UKCC51600001
21,QM9A91523984
22,usdy41675972
23,uscgh1630593
24,QM9A91523985
25,QM9A91523986
26,uscgh1626773
27,uscgh1637472
28,CAU8C1500001
29,ushm81454896
30,ushm81454897
31,ushm81454898
32,ushm81484589
33,uscgh1627478
34,uscgh1620435
35,ushm21543192
36,ushm21586694
37,USQWA1291134
38,ushm91032545
39,ushm81543842
40,USHM21685993
41,USL4Q1731422
42,USHM21685994
43,USHM91610335
44,uscgh1627292
45,uscgh1620437
46,US-853-16-00710
47,USA370516282
48,USFM91300021
49,uscgh1620436
50,ushm81484590
51,ushm81560230
52,ushm21530716
53,uscgh1627293
54,usx9p0960235
55,uscgh1627300
56,USHM21685996
57,uscgh1627301
58,QM9A91523987
59,USHM21688712
60,CALM41400124
61,QM9A91523988
62,QM9A91523989
63,QZ26V1500002
64,uscgh1669991
65,usdy41646630
66,US-853-16-00704
67,uscgh1626768
68,uscgh1626769
69,usx9p1426773
70,usx9p0960228
71,uscgh0785365
72,uscgh1669992
73,US-853-16-00703
74,usdy41601727
75,US-853-16-00706
76,USHM21772648
77,USCGJ1848374
78,uscgh1669993
79,uscgh1669995
80,USCGH1732133
81,ushm21543195
82,ushm21585188
83,ushm21585194
84,ushm21585196
85,ushm81405515
86,USGY21501201
87,USHM21688710
88,uscgj1575110
89,USCGJ1848376
90,USCGJ1848377
91,ushm81563131
92,usdy41696822
93,uscgh1620438
94,QMQ241200003
95,uscgh1627294
96,uscgh1627296
97,uscgh1627298
98,USDBB0607896
99,TCABY1442644
100,uscgh1696727
101,ushm81582204
102,ushm81563132
103,ushm81560231
104,ushm21530717
105,ushm81560232
106,usx9p0960229
107,QM9A91523991
108,QM9A91523992
109,usx9p0960230
110,uscgh1626770
111,USHM91610336
112,uscgh1626771
113,USGY21501205
114,uscgh1696733
115,uscgh1696735
116,uscgh1626778
117,uscgh1626779
118,uscgh1626780
119,usx9p1426778
120,uscgh1670330
121,ushm81484591
122,ushm81484592
123,usdy41602350
124,USDY41662855
125,ushm21543201
126,USDBB0607901
127,USDBB0601000
128,USDY41662853
129,ushm81560234
130,ushm81484593
131,uscgh1627295
132,USCGH1479640
133,USBGU1000035
134,USV351397036
135,uscgj1615339
136,uscgh1656452
137,ushm81582205
138,ushm81582206
139,ushm81563134
140,ushm81560233
141,ushm21530719
142,uscgh1670327
143,uscgh1627297
144,uscgh1696734
145,uscgh1627299
146,QM9A91523993
147,USQY51541663
148,QM9A91523994
149,QM9A91523995
150,usx9p0960232
151,QM9A91523996
152,uscgh1626772
153,ushm21549290
154,ushm21549299
155,QMAAK1624161
156,ushm21549300
157,uscgj1615313
158,US-853-16-00709
159,uscgj1615314
160,uscgh1696728
161,usdy41677373
162,usdy41677376
163,usdy41646629
164,ushm81582207
165,ushm21543193
166,USB4U1250141
167,DELJ81502454
168,USA2P1235998
169,ushm81563133
170,QMAAK1624162
171,usdy41677370
172,ushm81584977
173,ushm81484594
174,uscgh1670328
175,usdy41639800
176,usdy41639797
177,ushm81484595
178,USBGU1000036
179,USBGU1000037
180,uscgh1696730
181,usdy41639801
182,ushm21530722
183,ushm81560236
184,QMAAK1732403
185,ushm81582208
186,ushm81560237
187,USQY51541665
188,usx9p0960233
189,ushm81582209
190,usx9p0960234
191,uscgj1615312
192,usdy41639793
193,uscgh1627302
194,QM9A91523997
195,QMEU31515156
196,ushm81484596
197,usdy41639803
198,uscgh1626777
199,ushm81582210
200,ushm21549291
201,ushm81584985
202,ushm81582211
203,ushm81584974
204,ushm81584983
205,ushm81582212
206,ushm81584986
207,ushm81584981
208,ushm81584975
209,usdy41639804
210,ushm81584979
211,usdy41639798
212,usdy41677374
213,ushm21543196
214,USA2P1236024
215,ushm81560235
216,usdy41677375
217,usdy41677378
218,USHM91610338
219,uscgh1696731
220,USDY41662857
221,usx9p0960225
222,ushm21045401
223,ushm81484597
224,ushm81484598
225,usx9p0960224
226,ushm81525910
227,US-DBB-09-00743
228,ushm81564639
229,usdy41639799
230,QM9A91523998
231,ushm81584976
232,ushm21045402
233,QM4QH1500010
234,ushm81525909
235,usdy41639802
236,ushm81582216
237,ushm21530727
238,ushm81484599
239,uscgh1626776
240,usx9p1426774
241,uscgh1670329
242,ushm81584978
243,  usx9p1426775
244,ushm81564640
245,ushm81584988
246,ushm81584984
247,USDY41662859
248,uscgj1615315
249,usdy41639794
250,ushm81584980
251,uscgj1615317
252,ushm81584982
253,uscgj1615318
254,ushm81584987
255,uscgh1622050
256,ushm81484600
257,QM4QH1500008
258,QM4QH1500011
259,QM4QH1500009
260,uscgh1696732
261,ushm81564638
262,ushm21549293
263,ushm21543202
264,uscgj1615296
265,uscgj1615298
266,uscgj1615302
267,usdy41677377
268,USDY41662856
269,USLZJ1757588
270,USEA21000066
271,FR0NT1000280
272,USUYG1003409
273,USQY51047687
274,ushm81484601
275,uscgj1686681
276,ushm21603909
277,GBDLM0990665
278,usdy41639795
279,USDMG0624001
280,usdy41639796
281,usx9p0960219
282,FR0NT1000280
283,USCGH0781892
284,CAN110701763
285,usdy41677379
286,ushm21600186
287,usdy41605846
288,GBAJC0003086
289,CAL451131705
290,usdy41699010
291,usdy41601778
292,USYBL1002231
293,usdy41696824
294,uscgj1667972
295,usdy41699013
296,USDMG0624001
297,USDMG0624002
298,usdy41696944
299,USDMG0624003
300,USDMG0624004
301,ushm21591605
302,USDMG0624005
303,ushm21591606
304,ushm21591607
305,ushm81525911
306,ushm81525912
307,ushm81525917
308,ushm81564641
309,ushm81564642
310,USDMG0624006
311,US-DMG-06-24007
312,USDMG0624008
313,usl4q0867402
314,uscgj1625768
315,ushm91465576
316,uscgj1615319
317,ushm81525914
318,ushm81525915
319,uscgj1615320
320,ushm81525916
321,CAYOU1500004
322,usl4q0867403
323,QM-GQ8-15-00007
324,usx9p1426776
325,QMGQ81500001
326,ushm81564645
327,ushm91036981
328,QMGQ81500004
329,De-ah1-16-00007
330,uscgh1615782
331,ushm21530728
332,CAYOU1500003
333,ushm21045403
334,QMGQ81500005
335,uscgh1670332
336,uscgj1625773
337,QMGQ81500002
338,uscgj1660389
339,uscgh1698577
340,uscgh1617685
341,USHM91625891
342,QMAAK1671192
343,ushm81564643
344,uscgj1688702
345,usdy41696835
346,uscgj1688705
347,QMAAK1624151
348,uscgj1615321
349,uscgj1615300
350,ushm21543191
351,QM6YL1400501
352,QM6YL1400506
353,ushm81405513
354,ushm81524138
355,ushm81524144
356,ushm81525913
357,USHM80473199
358,uscgh1670069
359,QMGQ81500006
360,ushm91036983
361,uscgh1629427
362,uscgh1617686
363,uscgj1615291
364,QMGQ81500003
365,uscgh1667123
366,CAYOU1500006
367,uscgh0785357
368,uscgh1615783
369,uscgh1615784
370,CA-YOU-15-00007
371,QMAAK1671188
372,ushm21045404
373,CAYOU1500008
374,uscgh1667126
375,ushm21549295
376,uscgh1617692
377,uscgh1667129
378,QM9AA1604402
379,uscgj1688704
380,uscgj1615293
381,uscgh1667131
382,uscgj1615304
383,usdy41698419
384,ushm21549296
385,uscgj1688707
386,uscgj1615306
387,uscgj1688703
388,uscgj1615274
389,usdy41696946
390,ushm21603848
391,CALM41400125
392,USHM81631223
393,USHM21088397
394,ushm81484243
395,ushm81484240
396,USDY41662860
397,USHM81450176
398,USHM81450175
399,ushm21549297
400,ushm21549298
401,USZ8J1100011
402,ushm81564644
403,ushm21543200
404,ushm81525918
405,QMAAK1624152
406,QM9A91522617
407,usdy41632868
408,usdy41697174
409,usdy41697185
410,usdy41697173
411,uscgh1630570
412,US94U0400009
413,ushm21045405
414,usdy41697183
415,CAYOU1500001
416,usdy41697181
417,GBAJE8600132
418,GBBFR0300135
419,QM9AA1618953
420,usdy41697179
421,uscgj1688706
422,usdy41697186
423,usdy41697176
424,uscgj1688710
425,QMAAK1732404
426,ushm21603746
427,usx9p1426777
428,QM9AA1618952
429,QM9AA1618951
430,USCGH1454972
431,uscgh1615785
432,uscgh1615786
433,ushm81545976
434,USHM81631224
435,USDY41605956
436,ushm81531153
437,ushm81531156
438,ushm81531159
439,ushm81531160
440,ushm81563670
441,USHM81631225
442,USDY41726866
443,QMFME1410026
444,ushm81564646
445,USDMG0624009
446,USDMG0624010
447,GBXU81330416
448,US94U0400011
449,US94U0400008
450,US94U0400010
451,US94U0400006
452,US94U0400005
453,US-94U-04-00007
454,uscgh1605634
455,US94U0400003
456,uscgh1675658
457,USTB10500020
458,USBB40802018
459,USBB40802018
460,usdy41632869
461,USHM91625892
462,USEP40821113
463,USEP40821113
464,USEP40821113
465,USEP40821113
466,uscgh1605633
467,FR47Q0200550
468,USCJ80600120
469,FR47Q0200550
470,GBUM71500527
471,ushm21549292
472,USTB10500020
473,ushm81531154
474,ushm81531161
475,usdy41697175
476,USEP40821113
477,USHM81450177
478,ushm81484247
479,uscgj1688708
480,QMXPS1100025
481,QMAAK1732405
482,ushm91465577
483,uscgh0785368
484,uscgh0785367
485,USHM81631226
486,uscgh1605635
487,uscgh1605636
488,QMGQ81500008
489,uscgh1667124
490,ushm81545974
491,QMGQ81500011
492,Deae61101105
493,usdy41697177
494,uscgh1629428
495,CAYOU1500002
496,ushm21549301
497,uscgh0785361
498,QM9AA1526661
499,uscgh1617689
500,uscgh1629429
501,uscgh1629430
502,uscgh1617687
503,uscgj1639339
504,uscgh1627484
505,QMAAK1624154
506,uscgj1615297
507,uscgj1615245
508,ushm81531158
509,ushm81564650
510,ushm81534674
511,uscgj1663756
512,uscgj1615246
513,uscgj1636097
514,uscgj1663757
515,GBCQV8900120
516,uscgh1629431
517,QMAAK1624155
518,QMAAK1635116
519,USHM81611470
520,uscgj1688709
521,ushm21346269
522,ushm81531157
523,uscgh1629432
524,QM9AA1568220
525,ushm21543199
526,USQY51117190
527,uscgh1617688
528,QMAAK1635111
529,ZA-F47-14-00007
530,uscgh1639671
531,USDBB0682041
532,USDBB0682041
533,USDBB0682041
534,USDBB0682041
535,USDBB0682041
536,USDBB0682041
537,USDBB0682041
538,USDBB0682041
539,USDBB0682041
540,ushm81576560
541,usdy41697180
542,usdy41697178
543,USA371096376
544,uscgh1630567
545,uscgh1630568
546,uscgh1630569
547,CAYOU1500005
548,USA561028786
549,QMGQ81500009
550,QMGQ81500010
551,uscgh1667125
552,ushm81531162
553,QM9AA1526662
554,US85C1223153
555,USHM81631227
556,USA371090208
557,QMAAK1732406
558,uscgh1617690
559,USHM81634192
560,USA561014934
561,USA371091187
562,USATV1501038
563,USA371069876
564,USVMW1500002
565,USI4R1122045
566,USI4R1122045
567,USAL51020194
568,USHM81610349
569,QMAAK1635114
570,USI4R1122045
571,USAL51020196
572,USRZR1023406
573,USQY51115444
574,ushm81514200
575,ushm81514201
576,ushm81514202
577,QMBZ91311237
578,QMDA71364502
579,USA561248504
580,uscgh1667127
581,uscgh1630571
582,uscgh1629438
583,uscgj1615286
584,USA561372960
585,uscgj1688712
586,QM9A91514557
587,uscgh1627677
588,uscgh1630572
589,usx9p1319334
590,usdy41575959
591,uscgh1627678
592,ushm81514203
593,ushm81561366
594,uscgh1627679
595,GBKPL1512068
596,uscgh1639672
597,uscgh1311246
598,uscgh1627676
599,USHM81347375
600,QMGQ81500012
601,QM9AA1526663
602,QMAAK1624156
603,QMAAK1624157
604,USCM51400391
605,uscgh1617691
606,ushm90954327
607,DEAS91100100
608,USHM81450179
609,QM9AA1568214
610,ushm21543189
611,TCABN1383792
612,USHM21694281
613,ushm81514204
614,ushm81514205
615,USHM91625893
616,uscgh1667128
617,uscgh1627681
618,uscgh1630578
619,uscgj1639340
620,usdy41697184
621,GBJSS1133218
622,uscgh1630579
623,uscgh1630580
624,uscgh1630573
625,uscgj1639343
626,usx9p1319330
627,USHM91625894
628,uscgh1697134
629,uscgh1642030
630,QM9A91514558
631,QM9A91514559
632,ushm81511125
633,USDBB0681741
634,usx9p1319331
635,usx9p1319332
636,ushm81511081
637,uscgh1670878
638,ushm81563302
639,uscgh1667132
640,uscgj1639347
641,uscgj1615287
642,uscgj1615290
643,QM9AA1526664
644,ushm81514206
645,uscgh1627680
646,usdy41698420
647,usdy41603273
648,usdy41697182
649,QM9AA1618954
650,QM9AA1568217
651,uscgh0967948
652,ushm21543198
653,ushm21588883
654,USA371140005
655,USGN61104782
656,ushm81514207
657,ushm81514208
658,ushm81514209
659,USDY41726868
660,USDY41605951
661,TCAAU1105387
662,usdy41654319
663,TCACK1532786
664,uscgh1667130
665,USDBB0681372
666,usdy41692021
667,uscgh1630574
668,ushm81491974
669,634479051609
670,ushm81511084
671,uscgj1616107
672,uscgh1627684
673,ushm81491975
674,uscgh1641795
675,uscgh1697312
676,uscgh1627690
677,ushm81511082
678,QM9A91514560
679,uscgh1627691
680,uscgh1670590
681,ushm81514211
682,uscgh1630575
683,uscgh1639677
684,uscgh1630576
685,uscgh1662279
686,uscgh1630577
687,uscgh1627689
688,uscgh1639678
689,uscgh1639679
690,uscgj1615289
691,usdy41603274
692,ushm21345078
693,usdy41603275
694,ushm81491976
695,ushm81491977
696,ushm81491978
697,usdy41698421
698,usdy41649396
699,QM9AA1568213
700,USCHR1373811
701,ushm21543194
702,ushm21549692
703,ushm21589570
704,ushm21589820
705,QM9AA1596065
706,QM9AA1596069
707,ushm21577746
708,QM9A91514561
709,USDY41726870
710,QMEU31512439
711,USHM21694282
712,QM9A91514562
713,usdy41603277
714,uscgh1622020
715,uscgh1630581
716,uscgh1630582
717,uscgh1630583
718,uscgh1630584
719,CAKN71500004
720,uscgh1630585
721,ushm81491979
722,CA-KN7-15-00007
723,GBXU81327157
724,uscgh1662727
725,CAKN71500003
726,CAKN71500008
727,AUMW41005035
728,USW7Z1300002
729,uscgh1627688
730,CAKN71500001
731,CAKN71500006
732,uscgj1595783
733,ushm81511083
734,GBQRF0813291
735,usdy41649397
736,uscgh1627686
737,ushm81514212
738,uscgh1667134
739,ushm81514213
740,uscgh1627687
741,usdy41603276
742,CAKN71500005
743,usdy41649398
744,USHM21694283
745,USHM21694285
746,uscgj1371206
747,USA371139673
748,ushm21543197
749,USASR0504016
750,USDMG0842508
751,DEHB51214636
752,uscgh1622022
753,uscgh1622023
754,uscgh1627697
755,uscgh1622024
756,USDY41672773
757,uscgh1626355
758,uscgh1622025
759,GBXU81328578
760,uscgh1627698
761,uscgh1622026
762,uscgh1630401
763,uscgh1627699
764,usdy41601931
765,uscgh1622027
766,uscgh1627700
767,uscgh1639688
768,ushm81491980
769,uscgh1622028
770,uscgh1639689
771,uscgh1622021
772,uscgh1639690
773,usdy41602613
774,usdy41601751
775,QMH2B1300256
776,ushm81008278
777,USDY41726871
778,usdy41649400
779,QM9AA1595481
780,usdy41698422
781,uscgj1371207
782,QM9AA1568215
783,uscgj1682853
784,ushm21544999
785,usdy41692921
786,QMEU31512440
787,QMEU31512442
788,usdy41649399
789,CAKN71500002
790,usdy41603298
791,CAUV71500038
792,ushm81511106
793,QMH2B1300259
794,ushm81511113
795,ushm81563408
796,uscgh1674146
797,uscgj1615284
798,CAUM71500048
799,ushm81558691
800,uscgh1630096
801,ushm81563409
802,usdy41698423
803,uscgh1622029
804,usdy41698424
805,uscgh1639673
806,uscgh1698825
807,uscgh1639675
808,uscgj1615257
809,uscgh1627682
810,uscgh1662731
811,uscgh1662730
812,QM9AA1611552
813,usdy41692920
814,ushm81511086
815,ushm81511087
816,uscgh1658686
817,uscgh1697284
818,uscgh1697286
819,uscgj1615260
820,uscgj1615261
821,usdy41603303
822,uscgj1615262
823,uscgj1679059
824,USDY41672775
825,USDY41672774
826,ushm81576566
827,ushm81442436
828,USHM21694284
829,USHM91625895
830,uscgj1615263
831,uscgj1615264
832,uscgh1639676
833,uscgh1639680
834,uscgj1615266
835,QM9AA1568223
836,ushm81509185
837,QMEU31512441
838,TCACK1532786
839,uscgh1618826
840,USDY41672777
841,ushm81442437
842,uscgh1639685
843,ushm81542480
844,ushm81563410
845,uscgh1674151
846,QM9A91544438
847,ushm81442438
848,ushm81442439
849,ushm81563411
850,ushm81563412
851,QM9A91544439
852,ushm81576570
853,uscgh1627683
854,ushm81442440
855,ushm81442441
856,QM9AA1568222
857,ITSA11400184
858,ushm21577747
859,ushm21568435
860,ushm21588843
861,ushm21588847
862,ushm21588856
863,TCACK1532787
864,ushm81509184
865,QMEU31512447
866,QM9AA1611547
867,QM9AA1611549
868,usdy41603299
869,ushm81442442
870,uscgh1661653
871,uscgh1674145
872,ushm81442443
873,QM9A91544440
874,usdy41510142
875,uscgh1661655
876,ushm81563413
877,uscgh1639693
878,uscgh1661645
879,QM9A91544441
880,QM9A91544442
881,QM9A91544443
882,uscgh1627685
883,uscgh1661651
884,uscgh1639694
885,uscgh1639695
886,uscgh1639696
887,QM9AA1568221
888,ushm21544994
889,ushm21584573
890,ushm21584574
891,ushm21589227
892,ushm21589230
893,QMEU31512448
894,QMEU31512449
895,USHM91625896
896,QM9AA1611548
897,ushm81442444
898,uscgh1661646
899,ushm81442445
900,uscgh1674150
901,uscgh1618828
902,DEHB51214635
903,ushm81563414
904,usdy41641268
905,uscgh1627701
906,uscgh1618829
907,ushm81471961
908,uscgh1661652
909,ushm81492048
910,uscgh1661654
911,QM9AA1568216
912,ushm21589229
913,ushm21589231
914,ushm21589235
915,ushm21589237
916,ushm21589510
917,ushm21588960
918,ushm21588962
919,ushm21588964
920,ushm81509183
921,TCACK1532805
922,QM9AA1611550
923,QMH2B1300258
924,GBXU81316601
925,uscgh1674142
926,USHM91625897
927,uscgh1661647
928,ushm81511098
929,uscgh1670591
930,USCGJ1636707
931,QM9A91524934
932,QM9A91524936
933,uscgj1639346
934,uscgj0957884
935,QM9A91524938
936,QM9A91524944
937,QM8261400001
938,uscgh1627703
939,QM9A91524942
940,ushm81008277
941,QM9A91524939
942,QM9A91524940
943,uscgh1697285
944,uscgh1639697
945,uscgh1639698
946,uscgh1618830
947,ushm81511127
948,uscgj1639344
949,uscgj1639341
950,ushm81511102
951,ushm81511103
952,uscgj1615273
953,ushm81511120
954,usdy41641269
955,uscgj1639345
956,uscgh1661648
957,uscgj1639342
958,QM9AA1611551
959,usdy41603301
960,QMH2B1300253
961,usdy41603300
962,uscgh1627702
963,QM8261400005
964,QM8261400006
965,QM9AA1611556
966,usdy41603302
967,USCGH1703301
968,QM9AA1568218
969,ushm81509180
970,ushm81564716
971,ushm81564717
972,ushm81564718
973,USHM91769330
974,uscgh1674147
975,QM9A91524935
976,usdy41641270
977,uscgh1608092
978,QM9A91524937
979,ushm81008282
980,ushm81568320
981,QM9A91524941
982,ushm81568324
983,uscgh1618831
984,uscgh1639686
985,ushm81524150
986,uscgh1618833
987,QM9AA1611553
988,uscgh1661649
989,QM9AA1611554
990,uscgh1627704
991,usdy41603304
992,QMH2B1300261
993,ushm81008283
994,QM9AA1611555
995,Deae60700602
996,QM9AA1618955
997,ushm80875737
998,usdy41698425
999,ushm81576553
1000,ushm21589241
1001,ushm81509177
1002,ushm81564719
1003,ushm81564720
1004,ushm81564721
1005,ushm81564722
1006,usdy41698428
1007,QM9AA1590006
1008,QM-9AA-15-90007
1009,GBEFR0901870
1010,GBEFR0901870
1011,uscgh1674143
1012,De-ae6-08-00712
1013,uscgj1697577
1014,QM9AA1590008
1015,uscgj1697569
1016,QMH2B1300249
1017,uscgj1697574
1018,ATT251115090
1019,uscgh1618832
1020,GBLS40100310
1021,USHM21297235
1022,uscgh1618834
1023,NLM551300011
1024,uscgj1697573
1025,uscgh1627692
1026,uscgh1639687
1027,uscgj1697575
1028,uscgh1661650
1029,uscgj1697576
1030,usdy41695724
1031,ushm81483102
1032,usdy41698426
1033,usdy41617505
1034,usdy41698427
1035,GBCFB0801602
1036,GBCFB0801602
1037,USDY41620563
1038,USDY41617683
1039,ITK601301093
1040,USA5W1500266
1041,ushm81564726
1042,QM9A91524943
1043,QM9AA1590003
1044,uscgj0957887
1045,uscgj0957886
1046,uscgh1627693
1047,uscgh1627696
1048,ushm81483104
1049,uscgj1697571
1050,uscgj1697578
1051,uscgh1633202
1052,usdy41611359
1053,usdy41617499
1054,uscgh1633195
1055,uscgj1697572
1056,USHM21688711
1057,ushm81563795
1058,usdy41685539
1059,USDY41617687
1060,ushm81008284
1061,uscgh1633196
1062,usdy41685537
1063,uscgj0957889
1064,QMAAK1732407
1065,ushm91334347
1066,uscgh1633201
1067,uscgj1697570
1068,QMH2B1300260
1069,ushm81563785
1070,ushm81563796
1071,uscgh1639263
1072,ushm21606599
1073,uscgh1639264
1074,CA8991600003
1075,usdy41699018
1076,usdy41699016
1077,ushm81576565
1078,uscgj0957888
1079,usdy41632531
1080,ushm81483105
1081,uscgh1639265
1082,uscgh1639266
1083,QM9AA1568219
1084,QM9AA1590001
1085,ushm81509178
1086,USCGJ1848375
1087,QMRR31613001
1088,USHM81630038
1089,ushm81483106
1090,ushm81008288
1091,usdy41611362
1092,ushm81563792
1093,uscgh1627694
1094,ushm81563790
1095,USHM91625898
1096,uscgh1671205
1097,ushm21592022
1098,ushm81563791
1099,ushm81563786
1100,uscgh1618149
1101,usdy41585556
1102,ushm81563789
1103,uscgh1633197
1104,ushm81563787
1105,usdy41611360
1106,usdy41585557
1107,ushm81563793
1108,usdy41655489
1109,ushm81008287
1110,usdy41670762
1111,usdy41603946
1112,QM9AA1608563
1113,QM9AA1590004
1114,QM9AA1590009
1115,usdy41632532
1116,usdy41685535
1117,QM9AA1590005
1118,QZ4UH1600001
1119,usdy41632533
1120,uscgh1618150
1121,USHM21688713
1122,ushm81538709
1123,CA8991600004
1124,ushm81483107
1125,ushm81491950
1126,ushm81491951
1127,ushm81491952
1128,ushm81491953
1129,uscgh1618151
1130,ushm21530832
1131,QM9AA1590002
1132,ushm21544997
1133,USHM81630041
1134,QMRR31613002
1135,ushm81491954
1136,uscgj0957891
1137,uscgj0957894
1138,ushm81524151
1139,uscgh1627695
1140,uscgh1633198
1141,QMZJM1596150
1142,uscgj0957896
1143,usdy41611361
1144,ushm81563788
1145,usdy41670763
1146,usdy41611363
1147,uscgh1633199
1148,uscgh1633203
1149,usdy41603943
1150,QM9AA1608562
1151,uscgh1665196
1152,usdy41685536
1153,usdy41685534
1154,usdy41632535
1155,ushm81580314
1156,usdy41632540
1157,CA8991600006
1158,uscgh1618155
1159,usdy41585558
1160,usdy41632544
1161,usdy41585559
1162,uscgj0957893
1163,usdy41632538
1164,ushm21592023
1165,CA0FR1600005
1166,CA0FR1600003
1167,uscgh1637901
1168,ushm81524158
1169,ushm81524155
1170,ushm21530829
1171,USGN61207313
1172,ushm21544998
1173,QM9AA1590010
1174,QM9A91504299
1175,uscgh1618156
1176,uscgh1618157
1177,uscgh1618158
1178,uscgh1618159
1179,USHM81630042
1180,USUS11201364
1181,USSM11204394
1182,uscgh1637910
1183,usdy41632536
1184,ushm81563794
1185,uscgh1633200
1186,usdy41600038
1187,ushm81491955
1188,usdy41600039
1189,USGN61013464
1190,ushm81491956
1191,QM9A91513311
1192,AU-XL3-09-00728
1193,USCGH0781892
1194,USSM11204398
1195,USRC11301271
1196,GBEFR0700925
1197,QM9AA1570400
1198,uscgh1637909
1199,GBEFR0700925
1200,US-JI1-09-00753
1201,USSM11204399
1202,USSM11204400
1203,usdy41632539
1204,ushm81491957
1205,ushm81491958
1206,GBEFR0700925
1207,USBDW0500056
1208,USEY50600020
1209,GBQRF1113591
1210,FR6V81068688
1211,QM9AA1570401
1212,GBC8F1000218
1213,USQY51006137
1214,ARG991011119
1215,USJ3V0697840
1216,CAM460902070
1217,USCBK1010971
1218,CAM461032587
1219,QM9AA1570407
1220,USHM80473199
1221,USHM21088397
1222,QM9AA1592103
1223,QMBYC1400002
1224,USQY51298640
1225,FR6V80094819
1226,FR6V81524152
1227,USFZH1200403
1228,FR80T0900504
1229,QM9A91513314
1230,usdy41611364
1231,usdy41670765
1232,QMBYC1400001
1233,QM9AA1608561
1234,USDBB0680576
1235,usdy41600040
1236,QZ4UH1600003
1237,ushm81524156
1238,ushm81524159
1239,ushm81491959
1240,ushm81524178
1241,QM9AA1570402
1242,QM9AA1570403
1243,usdy41632542
1244,QM9AA1570404
1245,ushm81524186
1246,QM9AA1570405
1247,ushm81524152
1248,usdy41677243
1249,usdy41603942
1250,uscgh1640567
1251,QZ4UH1600004
1252,uscgh1665197
1253,usdy41632541
1254,QZ4UH1600002
1255,uscgh1665199
1256,uscgh1665205
1257,usdy41632543
1258,uscgh1665206
1259,ushm81494312
1260,ushm81511109
1261,ushm21592026
1262,uscgh1637911
1263,ushm21530830
1264,TCACK1532812
1265,ushm81509179
1266,ushm81518828
1267,uscgh1697287
1268,QM9A91513312
1269,QM9A91513313
1270,uscgh1697288
1271,ushm81580311
1272,CA0FR1600004
1273,uscgj0957897
1274,CA0FR1600002
1275,USHM21644108
1276,uscgh1665198
1277,ushm20345923
1278,uscgj0957898
1279,uscgj0957899
1280,ushm81543168
1281,USHM91625899
1282,uscgh1665200
1283,NLE711600294
1284,uscgj0957900
1285,uscgj0957901
1286,uscgh1665201
1287,uscgh1665202
1288,QM95X1400110
1289,QM95X1400103
1290,ushm81494313
1291,uscgh1482145
1292,uscgh1482146
1293,USTXK1207412
1294,QM9A91620547
1295,QM9AA1570406
1296,QM95X1400104
1297,QM95X1400107
1298,uscgh1640569
1299,usdy41603941
1300,ushm81494314
1301,ushm81494315
1302,uscgh1637914
1303,QM9A91620543
1304,ushm21530828
1305,ushm81509181
1306,usdy41670766
1307,ushm81518829
1308,ushm21431156
1309,usdy41600041
1310,US-34H-16-00007
1311,usdy41620622
1312,QMK9H1400017
1313,ushm20345920
1314,QMAAK1614009
1315,US37T0751701
1316,uscgh1630437
1317,uscgh1482147
1318,uscgh1482153
1319,QMAAK1614010
1320,QZ2A41500010
1321,uscgj0957885
1322,QM95X1400101
1323,uscgh1637915
1324,uscgh1482150
1325,uscgh1482151
1326,QM95X1400102
1327,ushm81494316
1328,QM95X1400100
1329,Deas91500033
1330,ushm81494317
1331,ushm81494318
1332,ushm81494319
1333,ushm81492434
1334,ushm21530831
1335,ushm21544996
1336,USTXK1207412
1337,CA0FR1600006
1338,QM9AA1592105
1339,ushm21431161
1340,CA0FR1600008
1341,DEE861500549
1342,CA-0FR-16-00007
1343,USHM81630604
1344,uscgh1683628
1345,uscgh1631479
1346,US34H1600010
1347,ITS781100163
1348,QM95X1400109
1349,USTXK1207412
1350,ushm81492263
1351,QM95X1400108
1352,uscgh1621702
1353,uscgh1621701
1354,QM95X1400105
1355,uscgh1482148
1356,uscgj1148831
1357,usdy41603408
1358,uscgh1697290
1359,QM95X1400106
1360,USDY41817574
1361,uscgh1621642
1362,NLE711600289
1363,uscgh1579145
1364,uscgh1482149
1365,ushm81492264
1366,ushm81492265
1367,ushm81492266
1368,ushm81492267
1369,ushm81492268
1370,US34H1600009
1371,USHM91625900
1372,usdy41670767
1373,QM95X1400111
1374,ushm21530827
1375,ushm21544995
1376,TCACK1532790
1377,US34H1600004
1378,TCACK1532798
1379,QM9AA1592097
1380,USDY41650291
1381,USASR0504019
1382,QMAAK1614015
1383,USDY41813826
1384,USUM70731991
1385,uscgh1669281
1386,ushm81524169
1387,uscgh1638622
1388,uscgh1621653
1389,GBEFR0901870
1390,ushm81524153
1391,uscgh1621643
1392,uscgh1482154
1393,uscgh1621645
1394,uscgh1482155
1395,uscgh1621704
1396,QMAAK1614014
1397,uscgh1621705
1398,uscgh1638620
1399,uscgh1638621
1400,uscgh1621703
1401,usdy41603944
1402,uscgh1621706
1403,uscgh1621707
1404,uscgj1663760
1405,ushm81511110
1406,uscgh1643321
1407,uscgh1643322
1408,ushm81511123
1409,uscgh1665203
1410,uscgh1482152
1411,uscgh1698854
1412,uscgh1621644
1413,ushm81511112
1414,usdy41603401
1415,ushm81511121
1416,ushm81524174
1417,usdy41670800
1418,US34H1600011
1419,QM95X1400112
1420,QMK9H1400019
1421,ushm21532443
1422,ushm81509182
1423,ushm81517587
1424,ushm81524164
1425,ushm81511118
1426,CAZO41600001
1427,uscgh1696537
1428,TCACK1532785
1429,QMAAK1614018
1430,QM9A91526572
1431,ushm81511117
1432,ushm81524176
1433,ushm81511119
1434,uscgh1621647
1435,ushm81511128
1436,QMAAK1614016
1437,usdy41603405
1438,USDBB0681738
1439,QMAAK1614017
1440,uscgh1665204
1441,usdy41603406
1442,usdy41603945
1443,ushm81524154
1444,usdy41603404
1445,USDY41813827
1446,ushm81524170
1447,usdy41603403
1448,CAZO41600002
1449,uscgh1643323
1450,uscgh1643324
1451,uscgh1643325
1452,usdy41603394
1453,usdy41603397
1454,usdy41603395
1455,uscgh1621646
1456,ushm81524165
1457,ushm81524161
1458,QMAAK1695702
1459,USCGH1740887
1460,usdy41603396
1461,ushm21383372
1462,QMK9H1400018
1463,ushm21532446
1464,ushm21580123
1465,ushm21580124
1466,ushm81509176
1467,ushm21553213
1468,ushm21580125
1469,ushm21580126
1470,ushm21580127
1471,ushm21580128
1472,TCACK1532788
1473,QM9A91526574
1474,ushm81008291
1475,usx9p0960216
1476,uscgh1621652
1477,uscgj1148830
1478,ushm81008289
1479,ushm81524171
1480,ushm81524167
1481,usx9p0960222
1482,ushm81524184
1483,uscgh1698921
1484,QZ2A41500005
1485,ushm21553212
1486,usdy41529523
1487,uscgj1148832
1488,QM9A91526580
1489,uscgh0785356
1490,uscgh1665207
1491,uscgh0785364
1492,uscgh1640568
1493,QM9A91526575
1494,ushm81524157
1495,QMAAK1624158
1496,CAZO41600003
1497,usdy41603399
1498,usdy41603400
1499,QM9A91526573
1500,USHM81627158
1501,uscgh1621650
1502,uscgh1621651
1503,CAZO41600004
1504,uscgh1621649
1505,uscgh1621648
1506,ushm21532441
1507,uscgh0655979
1508,USDBB0681205
1509,ushm21580129
1510,usdy41603398
1511,GBJSS1133217
1512,USGN61012955
1513,QMK9H1500034
1514,CAZO41600005
1515,uscgh1627999
1516,USEP41325005
1517,QMAAK1605874
1518,usdy41603402
1519,uscgh1625647
1520,uscgj1148834
1521,uscgh1628000
1522,USDBB0682041
1523,usdy41603410
1524,USDBB0682041
1525,uscgh1628002
1526,uscgh1628003
1527,uscgh1628001
1528,usdy41603409
1529,QM9A91526577
1530,QM9A91526578
1531,QM9A91526579
1532,USHM21756666
1533,CAZO41600006
1534,CA-ZO4-16-00007
1535,QMK9H1400020
1536,QMK9H1400016
1537,QMK9H1500032
1538,ushm21532445
1539,ushm80947281
1540,USQY51148147
1541,QM6BS1500037
1542,QM9A91526576
1543,usdy41603407
1544,USDY41813828
1545,USDBB0682041
1546,ushm81584144
1547,USDBB0682041
1548,USDBB0682041
1549,USDBB0682041
1550,CAZO41600008
1551,uscgh1627989
1552,uscgh1627990
1553,usx9p1312731
1554,uscgj1148833
1555,usx9p0960227
1556,usx9p0960231
1557,usx9p0960236
1558,USDBB0680112
1559,usx9p0960237
1560,usx9p0960238
1561,ushm81511124
1562,USDY41813829
1563,ushm81511126
1564,uscgh1690784
1565,ushm81584143
1566,QM9A91526581
1567,NLE711600295
1568,uscgh1690787
1569,USL4Q1715712
1570,uscgh1690789
1571,USHM81631024
1572,ushm81524177
1573,ushm81494364
1574,CAZO41600010
1575,De-ae6-13-00076
1576,usdy41601649
1577,QMK9H1500033
1578,ushm21532440
1579,usy280793967
1580,USDBB0680112
1581,USDBB0680112
1582,QM6BS1500043
1583,USGN61013324
1584,TCACK1532800
1585,usdy41601650
1586,usdy41600221
1587,USA371096376
1588,USG7D1384509
1589,USG7D1382721
1590,US85C1223153
1591,usdy41669793
1592,CAZO41600009
1593,usdy41600223
1594,CAZO41600011
1595,usdy41601651
1596,usdy41600222
1597,usdy41601653
1598,usdy41600220
1599,USKKS0700973
1600,QMDA71350810
1601,Itl771546674
1602,USQY51006565
1603,USA2B0200111
1604,GBAAA8400331
1605,usdy41601654
1606,ushm81494365
1607,FR6V80160198
1608,Gb-aje-01-00712
1609,Usvpr0814224
1610,Usvpr0814222
1611,QM9AA1521000
1612,usdy41600217
1613,usdy41601655
1614,usdy41600218
1615,usdy41601662
1616,usdy41605526
1617,ARL511000320
1618,Jpr221300358
1619,Usmc31377122
1620,Gbaje6400212
1621,USHR10924772
1622,USHR11024854
1623,USHR11024789
1624,USHR11024855
1625,USHR11132965
1626,USG7D1396811
1627,USA371456376
1628,Usvpr0814223
1629,USA371069876
1630,USA371090208
1631,USA561014934
1632,Gbcmz0373936
1633,USA2B0200101
1634,QMDA61390934
1635,USQY51365518
1636,USUS11000182
1637,USA2B0200104
1638,USA2B0200105
1639,USA2B0200107
1640,USA2B0200108
1641,uscgh1627994
1642,uscgh1688339
1643,uscgh1627991
1644,usx9p0960239
1645,uscgh1627995
1646,USCGJ1761435
1647,ushm81584147
1648,uscgh1627996
1649,ushm81584148
1650,uscgh1627992
1651,usx9p0960218
1652,uscgh1627997
1653,uscgh1627993
1654,QMAAK1732408
1655,uscgh1627998
1656,ushm81584149
1657,usdy41601652
1658,usx9p0960217
1659,QMUCB1100001
1660,QM9AA1608565
1661,USCGH1734767
1662,QMUCB1100005
1663,usdy41601656
1664,usdy41601660
1665,QMK9H1500035
1666,QMAAK1732411
1667,ushm21532439
1668,ushm80947285
1669,GBHCD1156796
1670,QM9A91505047
1671,QM6MZ1461173
1672,QMAAK1732413
1673,usdy41669794
1674,usdy41601661
1675,QM9AA1608564
1676,USDY41753398
1677,USL4Q1715713
1678,USL4Q1715715
1679,QMUCB1100010
1680,uscgj1616102
1681,QMWVA1100151
1682,USCGH1734768
1683,ushm81524172
1684,uscgh0785360
1685,uscgh1688341
1686,ushm81524160
1687,ushm81524175
1688,FR6V81605392
1689,USSM11201583
1690,TCACK1532809
1691,QM9A91521891
1692,usx9p0960220
1693,uscgh1690785
1694,uscgh1690786
1695,DKPNC0100603
1696,usx9p0960221
1697,usl4q0867404
1698,usdy41601657
1699,QM9A91521892
1700,QMAAK1732409
1701,QM9A91521889
1702,QM9A91521890
1703,usdy41669802
1704,USHM81631026
1705,usdy41601659
1706,CH0010000130
1707,ushm21532444
1708,uscgh0655981
1709,QM9AA1502671
1710,QM9AA1502672
1711,USA2P1236019
1712,QM9A91504178
1713,QMWVA1100150
1714,uscgh1690788
1715,uscgh1690790
1716,uscgh1683103
1717,USDY41813830
1718,USAL51020194
1719,USA371069876
1720,USA561014934
1721,uscgh1688340
1722,USA561028786
1723,USHR10924772
1724,uscgj1692376
1725,USA371090208
1726,usdy41601658
1727,usdy41672090
1728,USL4Q1732209
1729,ushm81584145
1730,CH0311400381
1731,ITS781003509
1732,uscgj1692378
1733,uscgj1692380
1734,uscgj1692374
1735,uscgj1692372
1736, usdy41605529
1737,QM9A91521895
1738,QM9A91521894
1739,USHR11024854
1740,USQY51006565
1741,USA371091187
1742,CH0311400381
1743,usx9p0960240
1744,USHR11024853
1745,usdy41606975
1746,USI4R1122045
1747,QM9A91521901
1748,USI4R1122045
1749,USDBB0609646
1750,QM9A91521888
1751,usdy41685538
1752,QM9A91504168
1753,ushm81584146
1754,USI4R1122045
1755,CAAAB1600015
1756,USSM11204392
1757,uscgh1662855
1758,QMUCB1100011
1759,uscgj1692377
1760,QMWVA1100152
1761,uscgh0785362
1762,DEBL60425822
1763,uscgh0785366
1764,usdy41676063
1765,uscgh0785358
1766,uscgj1692381
1767,uscgj1692375
1768,usdy41676062
1769,ushm80480884
1770,uscgh0785359
1771,ushm80480889
1772,uscgj1692373
1773,ushm80480890
1774,QM9A91521896
1775,ushm91363742
1776,ushm81008285
1777,ushm81494018
1778,usx9p0960223
1779,uscgj1692379
1780,uscgj1692371
1781,USCGH1734769
1782,ushm21532447
1783,ushm80947283
1784,QM9A91504169
1785,CA0FR1600009
1786,USHM21756669
1787,USHM81631027
1788,US35K1462520
1789,USL4Q1726126
1790,QMAAK1732410
1791,QMAAK1732412
1792,uscgh1662856
1793,USJAC1000037
1794,USSM11204395
1795,USJAC1000042
1796,USKKS0700973
1797,USDY41813831
1798,QMWVA1100153
1799,QM9A91521902
1800,USJAC1000040
1801,QMWVA1100155
1802,USJAC1000036
1803,QMAAK1478107
1804,QM9A91521903
1805,ushm81524182
1806,ushm81524180
1807,ushm81524179
1808,USCGH1734770
1809,ushm81524183
1810,uscgh1660600
1811,uscgj1692323
1812,usdy41676066
1813,ushm81524181
1814,USDY41602547
1815,USDY41602549
1816,USDY41602552
1817,QMAAK1636420
1818,QMAAK1636428
1819,usdy41676070
1820,ushm81494025
1821,uscgh0785363
1822,ushm21508759
1823,ushm21532442
1824,ushm80947277
1825,QM9A91504175
1826,usdy41696756
1827,QMAAK1624159
1828,QMAAK1624160
1829,usdy41696758
1830,usdy41696753
1831,usdy41696755
1832,usdy41676064
1833,usdy41676065
1834,US8QU1420013
1835,ushm81462664
1836,GBLS40107214
1837,uscgh1662853
1838,USJAC1000038
1839,QMAAK1636422
1840,ushm81494487
1841,uscgh1624287
1842,uscgh1624291
1843,ushm81524168
1844,ushm81524173
1845,uscgj1494517
1846,uscgh1624289
1847,uscgh1624290
1848,QMAAK1636425
1849,ushm81008286
1850,ushm81524162
1851,QMJ5W1300001
1852,uscgh1624288
1853,uscgj1692324
1854,usdy41676067
1855,uscgj1494518
1856,USCGH1734771
1857,uscgj1692325
1858,uscgj1692326
1859,uscgj1692327
1860,uscgj1692328
1861,uscgj1692329
1862,usdy41676068
1863,uscgj1692330
1864,usdy41505613
1865,uscgh1692042
1866,ushm21532438
1867,GBJSS1419600
1868,usy280793976
1869,uscgh1692045
1870,QM9A91504172
1871,USSM11204396
1872,uscgh1683475
1873,USL4Q1726129
1874,uscgh1683172
1875,USHM81631028
1876,USDY41813832
1877,USDY41751464
1878,uscgh1603220
1879,usx9p1451480
1880,USSM11204397
1881,USDBB0680679
1882,USKKS0700973
1883,uscgh1662854
1884,ushm91421750
1885,uscgj1692335
1886,ushm81515641
1887,USGN61302252
1888,ushm81494447
1889,QMAAK1614011
1890,QMAAK1614012
1891,USDY41602551
1892,QMAAK1614013
1893,uscgj1692332
1894,QMAAK1614019
1895,QM9A91521893
1896,USDY41813833
1897,uscgj1692333
1898,ushm81008290
1899,uscgh1638617
1900,usdy41505617
1901,uscgj1692334
1902,usdy41696759
1903,uscgj1692336
1904,ushm81494350
1905,ushm81494452
1906,US8YK1400014
1907,USCGJ1784879
1908,usdy41505615
1909,ushm80947274
1910,ushm21589686
1911,ushm21589695
1912,QM9A91504177
1913,usdy41676069
1914,uscgj1692331
1915,uscgh1662857
1916,US6R21432101
1917,TCABX1498050
1918,USL4Q1734846
1919,QMDA71397346
1920,usdy41696760
1921,USV291374891
1922,CA7SH1400001
1923,USCGH1734772
1924,ushm81467319
1925,DEEP81301439
1926,USDY41813834
1927,FR6V80160198
1928,USC4R1500351
1929,Deas91500030
1930,USC4R1500361
1931,QM9A91521897
1932,QM9AA1608567
1933,QMAAK1535584
1934,QZ4UH1600006
1935,USKAV0800049
1936,NLE870850601
1937,DE-H84-10-00703
1938,DEKU90600031
1939,ushm81467320
1940,uscgh1638615
1941,ushm81467324
1942,DEBL60863702
1943,QM9A91504179
1944,TCABX1498038
1945,DEBL60800614
1946,DEHB51274746
1947,usdy41696761
1948,TCABX1498039
1949,QZ4UH1600005
1950,TCABX1498040
1951,usdy41696762
1952,usdy41605812
1953,usdy41606973
1954,usdy41677410
1955,CAE401400021
1956,USL4Q1726131
1957,USCGH1703303
1958,USHM91754888
1959,CA7SH1400004
1960,ushm81467325
1961,USSM11204389
1962,QMAAK1616663
1963,uscgh1692044
1964,uscgh1603221
1965,uscgh1626363
1966,USDY41602536
1967,QM9A91504176
1968,uscgh1603222
1969,uscgh1626365
1970,USCGH1734773
1971,USL4Q1734847
1972,QMAAK1636424
1973,CA7SH1400003
1974,QMAAK1636427
1975,QM9A91521898
1976,uscgh1698891
1977,uscgh1638619
1978,ushm81524185
1979,ushm81524163
1980,ushm81524166
1981,USDY41602540
1982,CA7SH1400002
1983,CA7SH1400005
1984,USL4Q1726133
1985,USL4Q1726132
1986,USDY41602545
1987,USDY41602537
1988,USHM91754886
1989,CA-7SH-14-00007
1990,USDY41602538
1991,CA7SH1400006
1992,USCGJ1784880
1993,usdy41602560
1994,USDY41602542
1995,uscgh1698893
1996,ushm21382465
1997,uscgh0655975
1998,USGN61207377
1999,TCABD1101089
2000,uscgh1698895
2001,uscgh1698900
2002,usdy41602645
2003,uscgh1626366
2004,TCACK1532794
2005,ushm81524188
2006,uscgh1626367
2007,uscgj1616103
2008,QMAAK1616668
2009,QMAAK1535588
2010,uscgh1568302
2011,uscgh1603223
2012,uscgh1626368
2013,uscgh1626364
2014,USHM21772649
2015,uscgh1626369
2016,uscgj1616105
2017,uscgj1615250
2018,QMAAK1535590
2019,USDY41602539
2020,uscgj1615253
2021,uscgj1663761
2022,TCABX1498041
2023,uscgj1616076
2024,QMAAK1505223
2025,uscgj1616062
2026,ushm81524190
2027,uscgj1616064
2028,QMAAK1636429
2029,uscgh1698892
2030,uscgh1638618
2031,uscgj1663762
2032,GBCQV8900122
2033,ushm81524193
2034,USCGJ1784881
2035,uscgj1673940
2036,uscgj1644475
2037,QM9A91521899
2038,ushm81584142
2039,ushm81494268
2040,ushm81524187
2041,TCABX1498042
2042,TCABX1498043
2043,USSM11204394
2044,uscgh1698894
2045,uscgh1698896
2046,usy280793969
2047,QM9A91504171
2048,usdy41696763
2049,usdy41677153
2050,GMBA21475563
2051,USHM91754889
2052,USL4Q1734848
2053,USCGJ1845302
2054,ushm81494269
2055,ushm81494270
2056,ushm81494271
2057,USDY41813835
2058,USL4Q1731855
2059,USRC17803274
2060,USEY51100063
2061,USEY51400208
2062,QMAAK1616660
2063,uscgj1695353
2064,TCABN1383797
2065,FR6V81785536
2066,FR6V81785535
2067,USDY41602544
2068,usdy41606978
2069,USEY51400225
2070,DEBL60568911
2071,USEY51100060
2072,ushm81494272
2073,USEY51100061
2074,QMAAK1505226
2075,ITC941100158
2076,QM9AA1608566
2077,CAE401400014
2078,Dea619961580
2079,QM9A91521900
2080,usdy41641224
2081,uscgj1695363
2082,USQY51172580
2083,QM9A91504170
2084,usdy41605811
2085,QMPK41600158
2086,QMAAK1505225
2087,USL4Q1734849
2088,USL4Q1734852
2089,USL4Q1734854
2090,TCABN1383810
2091,USRC11401988
2092,ushm81494273
2093,ushm81584137
2094,QMAAK1616665
2095,ushm81494274
2096,ushm20699173
2097,ushm81584138
2098,usdy41676026
2099,USDY41813836
2100,USDY41813837
2101,TCABX1498044
2102,USDY41813839
2103,TCABX1498045
2104,QM9AA1716537
2105,QM9AA1716539
2106,TCABX1498046
2107,uscgh0655976
2108,UK-CDS-00-00007
2109,UKCDS0000012
2110,ushm21589439
2111,GBFQE1310403
2112,CH6540869605
2113,QM9AA1591795
2114,CA95U1600001
2115,QMAAK1505227
2116,uscgj1695350
2117,FR6V81261276
2118,USEY51100055
2119,QMK9H1300001
2120,QMAAK1616666
2121,TCACK1532791
2122,DKADG8400201
2123,USCGJ1784882
2124,QMK9H1300006
2125,uscgh1669434
2126,USDY41813838
2127,uscgh1669428
2128,uscgh1607220
2129,ushm81494275
2130,CAE401400023
2131,TCABX1498047
2132,uscgh1603226
2133,uscgh1603227
2134,uscgj1615271
2135,uscgh1607221
2136,uscgh1603224
2137,uscgj1616104
2138,uscgh1631454
2139,uscgj1615241
2140,QMAAK1688878
2141,uscgj1615252
2142,uscgh1644340
2143,uscgj1615255
2144,QMB3R1400291
2145,QMB3R1400292
2146,QMB3R1400295
2147,QMB3R1400297
2148,uscgh1644341
2149,uscgh1603225
2150,ushm81524189
2151,uscgj1695351
2152,QMAAK1688880
2153,QMAAK1505234
2154,uscgh1607222
2155,usy280793974
2156,ushm21589444
2157,uscgh1669435
2158,QM9A91502010
2159,uscgh1669436
2160,QMAAK1688884
2161,ushm20699174
2162,QMAAK1688877
2163,DEA810501794
2164,USDY41813840
2165,ushm81584141
2166,ushm81524191
2167,QMK9H1300002
2168,uscgh1692047
2169,ushm81584136
2170,TCABX1498048
2171,uscgh1631447
2172,ushm81551067
2173,ushm81584139
2174,ushm81551064
2175,ushm81551065
2176,ITS781003452
2177,ushm81551070
2178,ushm81551069
2179,ushm81551068
2180,ushm81494276
2181,USDBB0604348
2182,ushm81584140
2183,QMAAK1688882
2184,CA0FR1600011
2185,usdy41624204
2186,QMAAK1688883
2187,uscgj1695352
2188,ushm81494277
2189,DEN120205060
2190,NLZ541400321
2191,ushm81551063
2192,ushm21575848
2193,QM9AA1591136
2194,QM9AA1591138
2195,ushm81517049
2196,usdy41501844
2197,uscgh1692046
2198,QMAAK1688881
2199,ushm20699176
2200,ushm81494278
2201,uscgh1644343
2202,QMK9H1300005
2203,ushm81524194
2204,uscgj1695362
2205,uscgh1610514
2206,ushm81524195
2207,uscgh1610515
2208,uscgj1695358
2209,ushm81524196
2210,uscgh1610516
2211,uscgh1607224
2212,CAE401400025
2213,uscgh1610517
2214,uscgj1695360
2215,USDY41813841
2216,ushm81524192
2217,USCGJ1784883
2218,ushm81531062
2219,uscgh1603229
2220,ushm81531063
2221,ushm81531068
2222,ushm81531064
2223,uscgj1695354
2224,uscgh1607223
2225,ushm81531067
2226,ushm81531069
2227,uscgj1695361
2228,uscgj1697033
2229,uscgj1695359
2230,uscgj1615272
2231,uscgj1695357
2232,USDY41601600
2233,ushm20699178
2234,usdy41624196
2235,usdy41624198
2236,usdy41624197
2237,uscgj1616091
2238,usdy41624195
2239,QMRR31613003
2240,CA0FR1600012
2241,uscgj1616092
2242,uscgj1616093
2243,uscgj1616094
2244,uscgj1616095
2245,uscgh1692048
2246,ushm81494279
2247,ushm81494280
2248,CAVY71500013
2249,ushm81518390
2250,ushm81551071
2251,uscgh1603228
2252,uscgh1669430
2253,uscgh1669431
2254,ushm81524199
2255,QMD641300011
2256,ushm81524197
2257,USEY51200142
2258,QMK9H1300004
2259,QM9AA1538948
2260,uscgh1610518
2261,ushm81531071
2262,uscgh1610519
2263,uscgh1619281
2264,uscgh1631451
2265,uscgh1631453
2266,USDY41601599
2267,ushm81494281
2268,uscgh1619282
2269,uscgh1615345
2270,uscgh1631450
2271,uscgh1631452
2272,uscgh0655978
2273,uscgj1695355
2274,ushm81524198
2275,uscgh1603231
2276,ushm81531065
2277,ushm81531066
2278,uscgj1615239
2279,usdy41602499
2280,uscgj1695356
2281,usdy41624199
2282,uscgh1696533
2283,uscgh1644342
2284,ushm81494282
2285,USEW19900108
2286,uscgh1603230
2287,Deae61300009
2288,De-ae6-14-00072
2289,USA370554031
2290,FR6V80179824
2291,QM9A91504307
2292,QMD641300013
2293,uscgh1683182
2294,QM9AA1669690
2295,QMK9H1300003
2296,ITS781100203
2297,Deae61400069
2298,ushm81494283
2299,ushm81494284
2300,uscgh1619283
2301,uscgh1619284
2302,uscgj1590784
2303,uscgj1668554
2304,ushm20699177
2305,usdy41624201
2306,usdy41624200
2307,USDY41813842
2308,usdy41624202
2309,uscgj1668560
2310,USHM20412958
2311,usdy41603272
2312,USHM20412960
2313,uscgj1668558
2314,ushm81483066
2315,Deae61000923
2316,usdy41503260
2317,ushm21531185
2318,usy280793965
2319,QM2DD1500009
2320,QM2DD1500010
2321,ushm81518389
2322,QMD641300014
2323,uscgh1619277
2324,uscgj1668563
2325,QM9AA1669691
2326,USDY41751465
2327,USEY51200135
2328,QMD641300016
2329,ushm81452744
2330,ushm81452745
2331,DEN061300361
2332,usdy41685541
2333,uscgh1619278
2334,ushm81511104
2335,ushm81452746
2336,UKD3R1500001
2337,QMK9H1300008
2338,UKD3R1500009
2339,uscgh1694820
2340,uscgh1666984
2341,uscgh1619279
2342,uscgh1694152
2343,uscgh1694826
2344,QMAAK1688885
2345,usdy41685540
2346,USL4Q1734850
2347,ushm91243108
2348,QMAAK1688886
2349,usdy41624203
2350,ushm80947278
2351,ushm21587464
2352,ushm21587470
2353,ushm21587472
2354,ushm21587475
2355,ushm21587476
2356,ushm21588945
2357,QM9AA1570282
2358,uscgh1619280
2359,DEBL60989052
2360,ushm81518395
2361,uscgh1638169
2362,USSM18000163
2363,ushm81511101
2364,USCGJ1821106
2365,USHM20412959
2366,usdy41641229
2367,uscgj1668555
2368,uscgj1668559
2369,uscgj1668553
2370,QM9AA1669692
2371,usdy41624206
2372,usdy41624205
2373,uscgj1615240
2374,QMD641300020
2375,ushm81511107
2376,ushm81511108
2377,uscgh1627760
2378,QMD641300017
2379,GBBHN0000437
2380,uscgh1619285
2381,uscgj1663755
2382,uscgh1630025
2383,US-EY5-12-00074
2384,USEE10701244
2385,QMB3R1400294
2386,QMB3R1400293
2387,QMB3R1400296
2388,ushm81452747
2389,uscgh1627756
2390,USDBB0604369
2391,ushm20895874
2392,QMB3R1400300
2393,UKD3R1500008
2394,uscgj1637800
2395,uscgh1696441
2396,UKD3R1500002
2397,uscgj1663763
2398,USL4Q1776670
2399,QZ2LT1600038
2400,uscgh1568292
2401,usdy41677195
2402,uscgh1568293
2403,usdy41677196
2404,uscgh1694823
2405,usdy41532267
2406,uscgh1638170
2407,ushm81511111
2408,ushm91242999
2409,GBJSS1422793
2410,QMD641300018
2411,ushm81519528
2412,UKD3R1500003
2413,QMD641300019
2414,uscgh1694821
2415,uscgh1694824
2416,uscgh1694825
2417,usdy41677198
2418,usdy41677199
2419,usdy41677200
2420,usdy41641230
2421,QM9AA1669695
2422,uscgh1627728
2423,uscgh1627745
2424,ushm91243107
2425,QM9Q51400005
2426,uscgh1627726
2427,uscgh1627727
2428,UK-D3R-15-00007
2429,ushm81452748
2430,uscgj1699906
2431,uscgj1699909
2432,QZ2LT1600037
2433,uscgj1699913
2434,USCGJ1784885
2435,UKD3R1500004
2436,USEY51200137
2437,QM9A91529272
2438,QM9A91529274
2439,uscgj1523232
2440,QM9A91529273
2441,uscgh1627725
2442,ushm91164570
2443,QM9A91529271
2444,uscgh1699141
2445,UKD3R1500005
2446,ushm91164569
2447,USCGH1703304
2448,ushm81586583
2449,usdy41574742
2450,QM9Q51400002
2451,USL4Q1776671
2452,uscgh1694822
2453,QM9Q51400013
2454,uscgh1694015
2455,DEDF90600168
2456,ushm81518841
2457,QMCK81300009
2458,QZ-4UH-16-00007
2459,USHM81780930
2460,QZ2LT1600032
2461,QZ2LT1600030
2462,QM9AA1669696
2463,CA95U1600002
2464,usdy41675848
2465,USEY51200100
2466,usdy41675852
2467,CH6540827973
2468,uscgh1627730
2469,FR6V81919607
2470,uscgh1627731
2471,ushm81452749
2472,uscgh1627738
2473,uscgj1699905
2474,uscgh1627732
2475,QM9Q51400006
2476,uscgh1627739
2477,uscgj1699912
2478,ushm91164571
2479,uscgj1699907
2480,UKD3R1500006
2481,uscgj1699910
2482,ushm81452750
2483,QZ2LT1600031
2484,ushm91164572
2485,USHM81780931
2486,QZ2LT1600036
2487,QM9Q51400004
2488,QZ2LT1600040
2489,QM9Q51400001
2490,QM9Q51400003
2491,USL4Q1776672
2492,ushm81452751
2493,QM9Q51400014
2494,uscgh1698475
2495,ushm81452752
2496,USAT20702545
2497,uscgh1627729
2498,uscgh1698477
2499,ushm91243106
2500,uscgh0655982
2501,USGN61300055
2502,ushm81563172
2503,USQY51217280
2504,ushm81518876
2505,uscgh1698479
2506,uscgh1698481
2507,QM9AA1669698
2508,USL4Q1734851
2509,uscgj1699914
2510,DEHB51273910
2511,ushm81563175
2512,usdy41641232
2513,ushm81563179
2514,ushm81563178
2515,usdy41603357
2516,ushm81563181
2517,usdy41603359
2518,uscgh1627740
2519,uscgh1627734
2520,usdy41605810
2521,uscgh1627741
2522,usdy41603358
2523,QZ2LT1600033
2524,USHM81780932
2525,uscgh1627733
2526,uscgh1698476
2527,ushm81563174
2528,ushm91164575
2529,QZ2LT1600034
2530,ushm91164574
2531,USEMD1500004
2532,ushm81585287
2533,USL4Q1734853
2534,QZ2LT1600039
2535,usdy41604009
2536,ushm81452753
2537,usdy41606974
2538,uscgh1698478
2539,uscgh1698480
2540,uscgh1698482
2541,ushm91242997
2542,USUYG1004416
2543,USUYG1003652
2544,ushm81563173
2545,ushm80947275
2546,QM9AA1575041
2547,USEY51200141
2548,usdy41649407
2549,ushm81563177
2550,QMAAK1496754
2551,QMAAK1496755
2552,uscgh1568294
2553,usdy41649408
2554,USEW19900109
2555,uscgh1627735
2556,uscgh1627736
2557,uscgh1627744
2558,ushm91164576
2559,QMB3R1400299
2560,uscgj1616061
2561,uscgj1663758
2562,usdy41532272
2563,usdy41649409
2564,ushm91164577
2565,uscgj1615247
2566,uscgj1616063
2567,uscgj1603096
2568,uscgj1603097
2569,QMB3R1400298
2570,uscgh1698483
2571,ushm91242994
2572,USUYG1003653
2573,USUYG1003649
2574,USUYG1003648
2575,GBJSS1422794
2576,uscgh0655974
2577,ushm81563176
2578,uscgj1541416
2579,USDY41654225
2580,USDY41654226
2581,USHM21673052
2582,USHM21673050
2583,USHM21771118
2584,USUM70731987
2585,USL4Q1732608
2586,USCGJ1784886
2587,QMAAK1496756
2588,uscgj1615249
2589,ushm81563180
2590,usdy41649410
2591,usdy41649411
2592,usdy41603363
2593,uscgh1698484
2594,USEY51400223
2595,usdy41603361
2596,usdy41603362
2597,usdy41603364
2598,usdy41603352
2599,usdy41603360
2600,uscgh1627737
2601,usdy41603354
2602,usdy41528843
2603,usdy41603353
2604,usdy41603355
2605,ushm91164578
2606,USCGH1718515
2607,US6W31400002
2608,uscgh1693323
2609,usdy41603356
2610,usdy41532275
2611,QMAAK1620253
2612,ushm21515882
2613,USQY51037681
2614,NLRD51430012
2615,ushm80947282
2616,USDBB0600562
2617,ushm81504232
2618,USA2P1242827
2619,QMAAK1620256
2620,usdy41606981
2621,usdy41675854
2622,ushm21600913
2623,USCGH1718517
2624,USCGJ1846300
2625,USL4Q1729309
2626,USL4Q1726268
2627,FR6V80109192
2628,USL4Q1724927
2629,DESN31314938
2630,QMAAK1496757
2631,usdy41605813
2632,ushm21521817
2633,uscgh1698486
2634,usdy41649412
2635,DEHB51267427
2636,uscgh1627743
2637,USL4Q1776673
2638,ushm91164573
2639,usdy41675855
2640,GBJSS1179358
2641,USDY41654227
2642,QMAAK1496758
2643,USHM21673051
2644,QMRR31613004
2645,QMAAK1496759
2646,QMAAK1496760
2647,QMAAK1496761
2648,uscgh1627742
2649,uscgh1698487
2650,uscgh1698488
2651,usy280793966
2652,ushm81563182
2653,USA2P0749037
2654,DELJ81477576
2655,uscgh1698490
2656,Usdbb0600562
2657,US8PN1603209
2658,ushm81504236
2659,US6W31400012
2660,USCGH1718516
2661,uscgj1699691
2662,USCGH1718520
2663,CA95U1600003
2664,uscgj0678389
2665,ushm81519820
2666,USL4Q1724928
2667,uscgj1639027
2668,DEHB51303121
2669,uscgj1639028
2670,uscgj1639025
2671,uscgh1568295
2672,usdy41605816
2673,Uslzj1594750
2674,QM9AA1608568
2675,USQY51491069
2676,DEA810401138
2677,usdy41606977
2678,QZ4UH1600012
2679,QMAAK1620259
2680,QMAAK1620260
2681,usdy41656035
2682,ushm21576630
2683,QZ4UH1600014
2684,QZ4UH1600015
2685,USA371195254
2686,usdy41675863
2687,QZ4UH1600010
2688,US7TG1200376
2689,GBRBE0716393
2690,uscgh1698489
2691,ARJ271501575
2692,uscgh1698491
2693,uscgj1616106
2694,uscgj1663759
2695,usdy41675860
2696,QZ4UH1600013
2697,USL4Q1724931
2698,USHM81611388
2699,QMAAK1496762
2700,USHM81615766
2701,uscgh1619139
2702,USL4Q1776674
2703,QMAAK1620255
2704,USHM81600424
2705,USUM70731981
2706,ushm81562991
2707,USDY41654228
2708,USL4Q1724929
2709,QMANA1500001
2710,QM9AA1558787
2711,uscgh1607001
2712,USDBB0610081
2713,ushm81563002
2714,ushm81563003
2715,uscgj1615251
2716,uscgh1659971
2717,uscgj0678388
2718,USCGH1718518
2719,USTFD1000052
2720,uscgh1698753
2721,USL4Q1776675
2722,uscgj1639029
2723,DEA810400897
2724,USDBB0601717
2725,uscgj1639026
2726,QMAAK1496763
2727,uscgh1627746
2728,ushm81562995
2729,USRC10201815
2730,USSM19801073
2731,uscgh1697130
2732,ushm81562996
2733,ushm81562997
2734,USSM10500419
2735,uscgj1687439
2736,uscgh1568296
2737,usdy41650498
2738,usdy41650499
2739,QMAAK1496764
2740,QMAAK1496765
2741,uscgh1627747
2742,usdy41650503
2743,usdy41532282
2744,uscgh1627750
2745,ushm21521818
2746,usy280793975
2747,USQY51102348
2748,ushm81562992
2749,ushm81562993
2750,uscgh1698755
2751,uscgh1698763
2752,ushm81562994
2753,usdy41650505
2754,usdy41670772
2755,usdy41650507
2756,ushm90960257
2757,uscgh1697133
2758,uscgh1627762
2759,QMAAK1496766
2760,USL4Q1724930
2761,DEA810400902
2762,QM9AA1558783
2763,uscgj1687444
2764,uscgh1627748
2765,uscgj1694650
2766,USL4Q1724932
2767,usdy41601538
2768,uscgj1687436
2769,USQY51133031
2770,uscgh1627763
2771,uscgh1627764
2772,uscgh1627758
2773,uscgh1627751
2774,uscgh1627759
2775,QMANA1500002
2776,USDBB0606946
2777,uscgh1627765
2778,DEE861500550
2779,uscgj1687442
2780,DEE861500551
2781,usdy41650500
2782,ushm21521820
2783,uscgj1687437
2784,ushm81557991
2785,uscgj1695587
2786,usdy41650501
2787,QM9A91516147
2788,USA2P1207827
2789,QM9A91516151
2790,QM7281412528
2791,uscgh0655980
2792,QM9A91516146
2793,USQY51266206
2794,DEE861500591
2795,ushm81562998
2796,DEE861500552
2797,DEE861500553
2798,uscgh1698754
2799,uscgh1698756
2800,QM9A91516145
2801,Deae60500488
2802,uscgj0678391
2803,ushm81551378
2804,uscgh1627749
2805,ushm81471296
2806,QM9AA1558786
2807,uscgh1627766
2808,USCGH1718519
2809,uscgh1621892
2810,ushm81560902
2811,ushm81560904
2812,uscgj1615224
2813,ushm81560915
2814,uscgj1616059
2815,USL4Q1724933
2816,uscgj1603095
2817,ushm81560903
2818,uscgh1645501
2819,QMAAK1641622
2820,QM9A91516155
2821,ushm81560858
2822,uscgj1603113
2823,ushm81560859
2824,ushm81560861
2825,QMAAK1641626
2826,ushm81560862
2827,QMAAK1641624
2828,uscgh1568297
2829,QM9A91523568
2830,ushm81560905
2831,DEHB51103201
2832,ushm81471297
2833,usdy41650502
2834,uscgh1698757
2835,uscgh1698758
2836,uscgj1603115
2837,ushm81557990
2838,QM9A91516148
2839,QM9A91516150
2840,usdy41650504
2841,Deae60700687
2842,usdy41528847
2843,ushm21521816
2844,usy280793964
2845,GBJUT0914481
2846,ushm81560901
2847,uscgh1698760
2848,QM9A91523569
2849,uscgh1698765
2850,QM9A91532795
2851,uscgj0678392
2852,QM9A91529275
2853,uscgj1616081
2854,uscgj1616082
2855,uscgh1613472
2856,USL4Q1776676
2857,USCGJ1784889
2858,ushm81471298
2859,ushm81471299
2860, ushm81471300
2861,uscgj1687440
2862,ushm81471301
2863,QM9A91532797
2864,ushm81471302
2865,QM9A91516149
2866,uscgj1687443
2867,uscgh1634803
2868,usdy41605809
2869,uscgj1694647
2870,uscgh1627752
2871,DEU671500027
2872,uscgh1634804
2873,uscgj1694649
2874,uscgh1645502
2875,ushm81560860
2876,uscgj1694643
2877,ushm81560865
2878,usdy41650506
2879,ushm81560866
2880,ushm81560863
2881,ushm81560908
2882,ushm21528159
2883,uscgh1627753
2884,uscgh1627754
2885,QM9A91532798
2886,uscgh1627755
2887,uscgh1627761
2888,uscgh1645509
2889,uscgh1634805
2890,ushm81471303
2891,uscgj1694645
2892,ushm81471304
2893,ushm81471305
2894,ushm21335725
2895,Deae61000996
2896,ushm81519954
2897,ushm81560906
2898,uscgh1645510
2899,QMAAK1641625
2900,uscgh1568298
2901,uscgh1645503
2902,uscgj1694414
2903,ushm81560864
2904,QMAAK1641623
2905,uscgh1627757
2906,ushm81471306
2907,uscgh1645504
2908,uscgj1660732
2909,uscgh1698762
2910,usdy41696544
2911,TCACG1559932
2912,uscgj1687441
2913,USCGH1718521
2914,usdy41689582
2915,uscgj1615228
2916,uscgh1634806
2917,GBCQV8900123
2918,uscgj1615233
2919,uscgj1615235
2920,QM9A91532799
2921,QM9A91516153
2922,usdy41687103
2923,USHM21692592
2924,usdy41689584
2925,usdy41689585
2926,ushm21521812
2927,USL4Q1724934
2928,ushm80947284
2929,FR6V80059161
2930,ushm81519956
2931,ushm81560907
2932,uscgj1615237
2933,QMDUY1600001
2934,ushm81471307
2935,FR6V80568621
2936,USKKS0700973
2937,USV351341346
2938,USL4Q1776677
2939,CA-DN9-13-00007
2940,usdy41601541
2941,QM9A91532801
2942, uscgh1627325
2943,USHM21692593
2944,CADN91300003
2945,ushm21430164
2946,uscgj1615242
2947,uscgj1615243
2948,usdy41677774
2949,uscgj1615244
2950,uscgj1694652
2951,usdy41689586
2952,usdy41686148
2953,uscgj1615254
2954,ushm21521821
2955,QM9A91532800
2956,ushm80947280
2957,uscgj1615256
2958,uscgj1615225
2959,ushm21586763
2960,usdy41601539
2961,usdy41606869
2962,QM9A91516154
2963,ushm21430165
2964,ushm81560909
2965,USCGH1718522
2966,uscgh1670471
2967,USRC17807951
2968,usdy41601542
2969,usdy41606979
2970,usdy41638426
2971,USCGH1718523
2972,usdy41638429
2973,USL4Q1724935
2974,USCGH1718524
2975,ushm81471308
2976,ushm81560911
2977,FR6V80563917
2978,ushm21430168
2979,uscgh1631635
2980,uscgh1668593
2981,ES5531224221
2982,QM9AA1589522
2983,uscgh1668596
2984,USHM21692594
2985,uscgj1616077
2986,uscgh1668594
2987,uscgj1635621
2988,uscgj1694648
2989,uscgh1668595
2990,QM9A91532802
2991,usdy41638427
2992,Def271628303
2993,uscgj1616058
2994,QM9A91516152
2995,uscgh1617771
2996,uscgj1694646
2997,TCACJ1511302
2998,ushm21430171
2999,ushm81440105
3000,USL4Q1724936
3001,ushm21521813
3002,uscgh0655984
3003,ushm21164159
3004,ushm21566011
3005,ushm21534318
3006,ushm21534328
3007,ushm21534333
3008,uscgh1588471
3009,ushm21593552
3010,usl4q0748919
3011,uscgj1616060
3012,ushm81560910
3013,uscgj1603114
3014,uscgj1694644
3015,QM9A91620546
3016,USCGH1703305
3017,QMANA1500003
3018,FR6V80560624
3019,QM9AA1613682
3020,QM9A91516156
3021,CADN91300008
3022,ushm21430169
3023,ushm21430170
3024,USHM81606307
3025,usdy41689590
3026,USTXK1105292
3027,usdy41689588
3028,usdy41689587
3029,ushm81560913
3030,ushm81560914
3031,uscgh1630014
3032,ushm81471309
3033,USQY51704960
3034,USL4Q1724937
3035,usdy41689589
3036,QM9A91532803
3037,USL4Q1776678
3038,Tcabz1423633
3039,ushm21319112
3040,QM45K1500002
3041,ushm21521814
3042,usy280793972
3043,USA2P1210814
3044,ushm81519946
3045,USHM21692595
3046,ushm81560912
3047,uscgh1645506
3048,usdy41638434
3049,USHM21771121
3050,USL4Q1724938
3051,ushm81440107
3052,USCGJ1784891
3053,uscgj1694651
3054,ushm81539606
3055,uscgj1615226
3056,ushm81539605
3057,ushm21371946
3058,ushm81471310
3059,USL4Q1776679
3060,USHM21692596
3061,ushm81551165
3062,uscgh1645505
3063,ushm81471311
3064,QM9AA1613683
3065,QM9A91529278
3066,USJAC1000043
3067,CADN91300011
3068,QM9A91529280
3069,CA0L90900003
3070,QM9A91529279
3071,QM45K1500004
3072,US8WL1500106
3073,uscgh1697132
3074,QM9A91529281
3075,USX9P1097226
3076,QM9A91516157
3077,ushm21430172
3078,USJAC1000041
3079,QM9A91529276
3080,uscgj1635623
3081,uscgj1635622
3082,QM45K1500003
3083,usdy41624759
3084,ushm21371947
3085,ushm81440110
3086,USCGJ1784892
3087,US8WL1500107
3088,ushm81440112
3089,QM9AA1590294
3090,FR6V81866975
3091,ushm21371944
3092,QM9A91529277
3093,uscgh1645511
3094,uscgh1485504
3095,ushm81440108
3096,ushm81440109
3097,usdy41689591
3098,QM9A91532804
3099,USCGH1732996
3100,USHM21771122
3101,USL4Q1730400
3102,usdy41671822
3103,usdy41671823
3104,usdy41671824
3105,uscgj1690473
3106,usdy41621172
3107,ushm81550575
3108,ushm81550579
3109,ushm81550576
3110,ushm81539612
3111,ushm81550577
3112,ushm81539608
3113,ushm81539615
3114,ushm81539607
3115,usdy41621171
3116,uscgh1683175
3117,usdy41621165
3118,uscgh1683176
3119,QM-45K-15-00007
3120,ushm81531070
3121,usdy41602598
3122,USDY41810586
3123,uscgh1632370
3124,ushm81550578
3125,usdy41602597
3126,ushm81550574
3127,ushm81550568
3128,ushm81550567
3129,ushm21430174
3130,uscgh1645512
3131,usdy41602596
3132,usdy41602600
3133,usdy41621173
3134,USHM21692597
3135,usdy41621164
3136,QM45K1500006
3137,uscgh1645513
3138,uscgh1645514
3139,uscgh1683174
3140,usx9p1104329
3141,uscgh0655983
3142,ushm81008726
3143,QMPK41500105
3144,QMPK41500114
3145,ushm21591620
3146,QM9AA1584254
3147,QM2EQ1500008
3148,QM9A91532805
3149,USCGH1749753
3150,uscgh1698446
3151,USQY51287508
3152,usdy41671825
3153,usdy41671827
3154,usdy41671829
3155,usdy41671831
3156,usdy41602593
3157,USRH11508073
3158,USRH11508073
3159,USRH11508073
3160,DEQ691400270
3161,USQY51136993
3162,USUG11400558
3163,QM45K1500010
3164,ushm81550570
3165,usdy41602604
3166,ushm81539609
3167,USUM71406977
3168,USUM71406880
3169,ushm81531072
3170,USUG11400562
3171,USUG11400565
3172,USUG11400561
3173,USUG11400559
3174,USUM71406892
3175,usdy41602603
3176,USUG11400563
3177,USUG11400570
3178,usdy41602601
3179,uscgh1629401
3180,usdy41635211
3181,usdy41602602
3182,USCGJ1768380
3183,usdy41635213
3184,QM9AA1664043
3185,QM4X41500040
3186,uscgj1391773
3187,usy280793968
3188,QMD291300008
3189,GBUM71500527
3190,DEQ691400321
3191,DEQ691400265
3192,GBWWP1501387
3193,usdy41621167
3194,DEQ691400332
3195,USTFD1225252
3196,USTFD1225252
3197,CA0L90900004
3198,USTFD1225252
3199,ushm81539610
3200,usdy41602608
3201,usdy41646761
3202,usdy41697024
3203,USCGH1665133
3204,USX9P1097230
3205,usdy41602607
3206,ushm21430176
3207,usdy41602609
3208,usdy41621169
3209,ushm81550572
3210,usdy41635212
3211,USHM81716611
3212,QM9AA1512208
3213,uscgh1683178
3214,USCGJ1768381
3215,USCGH1741010
3216,usdy41621168
3217,usdy41602610
3218,usdy41602605
3219,QMAAK1499751
3220,QMAAK1499752
3221,QMAAK1499753
3222,ushm81557993
3223,uscgh1683179
3224,uscgh1683181
3225,ushm21430166
3226,usdy41621170
3227,QM9AA1664044
3228,usdy41671826
3229,usdy41671828
3230,usdy41671830
3231,usdy41602606
3232,USK4W0707440
3233,USTFD1225253
3234,USK4W0707440
3235,QMAAK1499754
3236,GBYUE0925117
3237,ushm81539611
3238,uscgh1639700
3239,USEWC0713655
3240,USEWC0713655
3241,USK4W0707440
3242,usdy41697025
3243,QMAAK1499755
3244,usdy41697999
3245,uscgj1690462
3246,QZ4NA1600001
3247,usdy41600471
3248,usdy41600472
3249,usdy41600473
3250,usdy41600474
3251,usdy41600475
3252,usdy41698000
3253,CAM460803991
3254,QM9AA1608571
3255,usdy41698001
3256,USTFD1004824
3257,USTFD1004824
3258,USTFD1004824
3259,QMAAK1499757
3260,usdy41675706
3261,uscgj1391776
3262,usdy41697026
3263,usdy41675708
3264,usdy41675709
3265,usdy41675712
3266,USK4W0006243
3267,DEE601200325
3268,USK4W0709762
3269,USK4W0709762
3270,USK4W0709762
3271,USK4W0709762
3272,USK4W0709762
3273,ushm81550581
3274,usdy41685576
3275,QM9AA1608569
3276,QM9AA1608570
3277,ushm81520996
3278,ushm81550580
3279,usdy41600470
3280,ushm81550573
3281,USDY41810588
3282,USDY41810591
3283,QM9AA1664046
3284,USHM81606308
3285,QMAAK1499759
3286,USHM21733319
3287,US8K21207893
3288,uscgh0576826
3289,ushm81539613
3290,QM82S1400001
3291,usdy41600480
3292,uscgj1603102
3293,QMAAK1620254
3294,uscgj1603103
3295,usdy41600477
3296,usdy41574750
3297,USCGJ1768382
3298,QM9AA1664049
3299,ushm21430177
3300,USQY51171812
3301,ushm21430175
3302,usdy41675711
3303,QM82S1400002
3304,QM82S1400003
3305,QM82S1400004
3306,QMAAK1474031
3307,QMAAK1474032
3308,QMAAK1474033
3309,QMAAK1474034
3310,usdy41697027
3311,usdy41675716
3312,usdy41598094
3313,ushm80947276
3314,QM9AA1591272
3315,QM9AA1591276
3316,QM9AA1591279
3317,QM9AA1591280
3318,USV351494137
3319,QM9AA1586204
3320,ushm81547699
3321,usdy41635214
3322,usdy41600476
3323,usdy41675707
3324,USHM21740746
3325,uscgh1680525
3326,QMAAK1474035
3327,usdy41635215
3328,uscgh1568300
3329,uscgh0576835
3330,uscgh0576829
3331,uscgh0576828
3332,GBLFP0203735
3333,uscgh1628857
3334,usdy41650378
3335,ushm81539614
3336,GBCQV8900124
3337,uscgj1615227
3338,uscgj1615229
3339,uscgh0576827
3340,usdy41600481
3341,uscgj1668481
3342,CAZH71600003
3343,CAZH71600001
3344,CAZH71600004
3345,USDXS1400051
3346,uscgj1635624
3347,usdy41675714
3348,QMAAK1474036
3349,QMAAK1474037
3350,QMAAK1474038
3351,QMAAK1474039
3352,QMAAK1474040
3353,ushm21510965
3354,uscgh0520153
3355,uscgh0520150
3356,QM9AA1586207
3357,uscgh0520152
3358,uscgj1615230
3359,uscgj1615231
3360,uscgj1615232
3361,usdy41675715
3362,USCGJ1677528
3363,usdy41650379
3364,usdy41675713
3365,USCGH1749754
3366,USCGJ1677529
3367,USCGH1741013
3368,usdy41538553
3369,CAZH71600002
3370,usdy41675719
3371,CAZH71600005
3372,usdy41635217
3373,ushm81539616
3374,ushm81539617
3375,ushm21203508
3376,uscgh0576834
3377,QMAAK1474041
3378,usdy41697028
3379,uscgh0576833
3380,uscgh0576831
3381,QMAAK1474042
3382,uscgj1231943
3383,uscgj1231944
3384,uscgj1231945
3385,GBLS40116592
3386,QM9AA1558132
3387,ushm21546128
3388,ushm21589417
3389,ushm21589421
3390,USCBK1311095
3391,ushm81528797
3392,ushm81528801
3393,ushm81528813
3394,ushm81528830
3395,ushm81528839
3396,uscgh0520151
3397,CAZH71600006
3398,QZ4UH1600011
3399,uscgh0576830
3400,usdy41675717
3401,QMEU31604910
3402,uscgh1526355
3403,usdy41675718
3404,uscgj1497231
3405,usdy41671590
3406,usdy41635216
3407,QMXPS1100030
3408,USCGJ1677530
3409,USCGH1741014
3410,QMAAK1630290
3411,uscgh1661068
3412,USDY41810589
3413,uscgh1661069
3414,uscgj1231946
3415,uscgh1644815
3416,uscgj1231947
3417,uscgh1568301
3418,USDBB0607010
3419,FR6V81969237
3420,634479051609
3421,ushm81539619
3422,ushm81539620
3423,ushm81539618
3424,QMAAK1630286
3425,uscgj1616066
3426,uscgj1686619
3427,GBCQV8900129
3428,QMAAK1630288
3429,USDY41696974
3430,GBCQV8900125
3431,uscgj1668483
3432,uscgj1668484
3433,uscgh1526358
3434,QM9AA1558131
3435,QM9AA1565690
3436,USPSU0904393
3437,ushm81528806
3438,ushm81528811
3439,uscgj1525785
3440,CAM460803991
3441,uscgh0520154
3442,US8K20923256
3443,uscgh0576832
3444,uscgj1616067
3445,uscgj1616073
3446,usdy41650374
3447,USCGJ1677531
3448,USCGJ1768383
3449,usdy41675720
3450,CAAAB1600016
3451,uscgj1231948
3452,QM9AA1558138
3453,USDBB0607011
3454,uscgj1668480
3455,uscgh0576823
3456,ushm21504911
3457,QM9AA1565695
3458,uscgh1644690
3459,USHM21740748
3460,USA560727552
3461,uscgh1692003
3462,usdy41671591
3463,usdy41666333
3464,USX9P1324692
3465,ushm81539621
3466,ushm81539624
3467,ushm81539623
3468,ushm81539622
3469,uscgh1692013
3470,usdy41671594
3471,uscgj1603104
3472,uscgj1603105
3473,usdy41650375
3474,uscgj1603119
3475,uscgj1603123
3476,ushm81528816
3477,uscgj1668486
3478,QMAAK1630289
3479,QMAAK1630287
3480,uscgh1568303
3481,GBCQV8900126
3482,USDY41696976
3483,GBCQV8900127
3484,USHM81606310
3485,ushm81528834
3486,uscgh1673993
3487,QMEU31604911
3488,usdy41671595
3489,uscgh1673987
3490,uscgh0520155
3491,usdy41650376
3492,USCGJ1677532
3493,USCGJ1768384
3494,USHM21745060
3495,USCGH1741015
3496,QM-2TV-17-00007
3497,uscgj1651529
3498,FR6V80569313
3499,uscgh1661071
3500,uscgh0520156
3501,uscgj1603094
3502,uscgj1603127
3503,QM9A91515008
3504,USDBB0607012
3505,uscgj1603129
3506,uscgj1603130
3507,usx9p1440967
3508,uscgj1231949
3509,GBLS40116592
3510,QM9A91515010
3511,uscgj1651537
3512,uscgh0576824
3513,uscgh1639789
3514,uscgh1692004
3515,uscgh1661073
3516,uscgj1651535
3517,uscgj1652317
3518,ushm81506921
3519,USDY41674016
3520,QMAAK1630295
3521,USDY41696977
3522,QMAAK1630291
3523,uscgj1660670
3524,uscgj1696700
3525,uscgj1651533
3526,ushm81506923
3527,uscgj1231950
3528,USHM21740750
3529,uscgh1692009
3530,uscgh1692011
3531,QM9AA1558151
3532,USCGJ1677533
3533,QM9AA1565684
3534,USA371609926
3535,USCGJ1768385
3536,uscgh1692012
3537,USDY41696978
3538,uscgh1692014
3539,CAAAB1600017
3540,QMXPS1100032
3541,CAAAB1600018
3542,QM2TV1700008
3543,usdy41650377
3544,USDBB0608747
3545,uscgj1231951
3546,usx9p1440966
3547,uscgj1603098
3548,USA561231880
3549,QMAAK1630292
3550,uscgh1639803
3551,QMAAK1630294
3552,QM9A91537337
3553,uscgh1639805
3554,uscgh1639807
3555,QM9A91515017
3556,QM9A91515016
3557,uscgh1661074
3558,uscgh1639806
3559,QM9A91515015
3560,uscgh0576825
3561,uscgh1639804
3562,uscgj1603126
3563,uscgj1603128
3564,uscgj1660146
3565,QMAAK1630293
3566,uscgj1602277
3567,usdy41638561
3568,usdy41638562
3569,ushm81506922
3570,uscgj1651530
3571,uscgj1651532
3572,uscgj1675182
3573,USDY41810590
3574,uscgj1651531
3575,uscgj1231952
3576,uscgj1675184
3577,USCGJ1677534
3578,QM9A91515009
3579,uscgj1675180
3580,DEA311407263
3581,USHM81606311
3582,QM9AA1565683
3583,QM9A91537336
3584,QM9A91517406
3585,USA371473154
3586,uscgh1659980
3587,ushm81519795
3588,uscgh1692005
3589,uscgh1692006
3590,ushm81506925
3591,ushm81506924
3592,us-cgh-16-92007
3593,uscgh1692010
3594,ushm81392674
3595,usdy41638563
3596,FR6V81969236
3597,QM9A91537338
3598,ushm81392676
3599,ushm81494676
3600,ushm81494677
3601,usx9p1440968
3602,usx9p1440970
3603,QM9A91515011
3604,ushm81494679
3605,QM9A91537340
3606,QM9A91537339
3607,uscgh1661075
3608,QM9A91515012
3609,QM9A91515013
3610,uscgh1639809
3611,uscgh0576836
3612,uscgh1639808
3613,ushm81494720
3614,QM9AA1407442
3615,QM9AA1407443
3616,ushm81494874
3617,ushm81484347
3618,ushm81495190
3619,USCGJ0772709
3620,ushm81491878
3621,Deae61300021
3622,uscgh1661078
3623,QM9AA1565694
3624,ushm81519796
3625,uscgj1675183
3626,USCGH1749755
3627,USCGJ1677535
3628,uscgj1322138
3629,uscgh1661076
3630,uscgh1692015
3631,GBURF1301777
3632,uscgj1603110
3633,uscgj1644514
3634,uscgh1692016
3635,uscgh1673998
3636,USDBB0610084
3637,uscgj1644524
3638,ushm21386118
3639,usx9p1440969
3640,uscgh0576838
3641,uscgh1639810
3642,uscgj1644516
3643,uscgj1644517
3644,uscgj1644521
3645,QMAAK1492883
3646,uscgj1644518
3647,uscgj1687572
3648,QM9AA1558144
3649,uscgj1644528
3650,uscgj1651538
3651,uscgh1639811
3652,uscgh1673991
3653,QMU3G1300062
3654,uscgj1692603
3655,uscgj1668482
3656,QMEU31408479
3657,uscgh1673995
3658,usdy41638564
3659,ushm81494832
3660,usazB1411125
3661,Dez211100318
3662,QM9AA1565692
3663,ushm81519783
3664,QM9A91515014
3665,uscgh1661077
3666,uscgh1659982
3667,USCGJ1768386
3668,USDY41810594
3669,USCGH1739254
3670,uscgh1673992
3671,GBJSS1363878
3672,USDY41810595
3673,USX9P1097233
3674,USDY41674019
3675,uscgh1622522
3676,uscgh1612154
3677,uscgh1659974
3678,uscgh1673989
3679,uscgh1629290
3680,QM9A91537341
3681,QM9A91537342
3682,usdy41603948
3683,ushm91028888
3684,ushm81497271
3685,QM7M71550265
3686,ushm81496255
3687,USHM81606312
3688,CAX4J1500001
3689,uscgh1614644
3690,USL4Q0827882
3691,uscgh1692008
3692,USDY41674018
3693,usdy41638569
3694,usdy41638567
3695,USDY41674017
3696,uscgj1603118
3697,ushm21325770
3698,uscgh1626484
3699,uscgh1626487
3700,uscgh1626481
3701,usdy41638571
3702,usdy41638565
3703,USHM81606313
3704,CAX4J1500002
3705,usdy41593989
3706,USCGJ1677537
3707,QMXPS1100036
3708,ushm81519792
3709,QM9AA1565697
3710,USCGH1452576
3711,USCGH1452575
3712,USCGH1452574
3713,USCGH1452573
3714,USCGH1739255
3715,usdy41638568
3716,uscgh1645264
3717,uscgh1629291
3718,FR6V81511511
3719,uscgj1644523
3720,ushm81537335
3721,US7TG1200377
3722,USHM81606314
3723,uscgh1612157
3724,uscgh1659975
3725,uscgj1603117
3726,uscgh1659977
3727,uscgh1673997
3728,uscgh1148014
3729,uscgh1148016
3730,USDBB0601699
3731,uscgj1644515
3732,usdy41638566
3733,uscgj1644519
3734,USASN1302148
3735,uscgj1644520
3736,uscgh1626491
3737,uscgj1644522
3738,uscgj1651540
3739,ushm21578076
3740,uscgj1651539
3741,GBCQV8900128
3742,uscgj1668485
3743,ushm21325778
3744,uscgh1622480
3745,QM9AA1495025
3746,CAX4J1500003
3747,USCGJ1768387
3748,ushm21578077
3749,QMZLS1500001
3750,USCGJ1846245
3751,CA95U1600006
3752,QM9AA1558141
3753,QM9AA1565685
3754,GBG7W1474823
3755,ushm81519794
3756,USHM81612087
3757,USDY41507730
3758,GBXU81303236
3759,Qmsuv1121120
3760,uscgj1651534
3761,uscgh1629292
3762,uscgh1629293
3763,USHM81606315
3764,uscgh1629294
3765,CAX4J1500010
3766,uscgh1629295
3767,US6R21427835
3768,ushm81537336
3769,QM9AA1568164
3770,GBRBE0716392
3771,uscgh1612158
3772,CAX4J1500004
3773,CAX4J1500011
3774,uscgj1644525
3775,CAX4J1500009
3776,uscgj1644527
3777,CAX4J1500008
3778,USATO1700106
3779,uscgh1641370
3780,uscgh1674001
3781,uscgh1659976
3782,usdy41638572
3783,usdy41638570
3784,uscgj1603112
3785,uscgj1644526
3786,USYJA1800020
3787,uscgj1651536
3788,USHM81602000
3789,ushm21325779
3790,USCGH0982076
3791,uscgh1626488
3792,ushm21578084
3793,USDY41674021
3794,USHM81601998
3795,ushm21578082
3796,QM9AA1568158
3797,ushm21578081
3798,QMZLS1500002
3799,QM9AA1558148
3800,QM9AA1565693
3801,GB4G71120653
3802,ushm81520911
3803,USCGH1739256
3804,CAX4J1500006
3805,CAX4J1500005
3806,USDBB0601699
3807,QMZLS1500011
3808,ushm91345769
3809,ushm81537337
3810,uscgh1629300
3811,QMJ4P1300025
3812,uscgh1629298
3813,USFI86400085
3814,QM9AA1568160
3815,US34H1209361
3816,USDY41674023
3817,QM9AA1568159
3818,USFI86700092
3819,ushm81537339
3820,CAM460402422
3821,QM-ZLS-15-00007
3822,uscgh1629301
3823,QM9AA1568161
3824,QMZLS1500009
3825,ushm81536570
3826,ushm81537338
3827,CAJ7C1400001
3828,uscgh1622539
3829,QM4TW1591035
3830,QMZLS1500012
3831,ushm21341033
3832,QMZLS1500003
3833,uscgh1629299
3834,uscgh1629297
3835,uscgh1626489
3836,QMZLS1500005
3837,uscgh1629296
3838,QM9AA1568162
3839,uscgh1612159
3840,QM9AA1558134
3841,QM9AA1565696
3842,USEGX1205131
3843,FR59R1525937
3844,TCACI1507306
3845,TCACG1552840
3846,USHM81606316
3847,USHM81602002
3848,USHM81602001
3849,USHM81615291
3850,USDY41507731
3851,Deae61201185
3852,GB4G71127466
3853,uscgj1445189
3854,USSM10104660
3855,ushm81537340
3856,uscgh1630614
3857,US34H1209360
3858,QMZLS1500004
3859,NLC320801393
3860,USBPU1600001
3861,USBPU1600003
3862,DESN31302553
3863,uscgh1630611
3864,uscgh1630612
3865,ushm81537342
3866,TCABZ1493135
3867,QMZLS1500006
3868,QMZLS1500010
3869,usdy41644038
3870,ushm81537343
3871,uscgh1612161
3872,QMZLS1500014
3873,USA371461101
3874,uscgh1630613
3875,QMZLS1500008
3876,ushm21325773
3877,ushm81537341
3878,QM9AA1568165
3879,ushm81431033
3880,QM9AA1671883
3881,QM9AA1558152
3882,USR6V0800010
3883,QM9AA1565682
3884,ushm21574012
3885,TCACI1563393
3886,QM9A91516855
3887,QM9AA1568166
3888,QM9AA1568167
3889,USBPU1600002
3890,QM9A91501306
3891,USHM91327191
3892,USCGH1739259
3893,USHM81613336
3894,QM9A91502418
3895,USCGJ1768388
3896,uscgh1622030
3897,ushm81524731
3898,DEBL60629758
3899,uscgh1630615
3900,USBPU1600011
3901,USBPU1600012
3902,ushm81538324
3903,QM9A91517654
3904,QM9AA1495028
3905,uscgj1603125
3906,uscgj1644529
3907,QM9AA1568168
3908,QM9A91517655
3909,uscgh1641372
3910,uscgj1587078
3911,uscgh1612162
3912,uscgj1685806
3913,uscgj1587081
3914,uscgj1602278
3915,USDY41696984
3916,uscgh1641374
3917,ushm81537344
3918,usdy41644046
3919,uscgh1641373
3920,ushm21325775
3921,QM9AA1558149
3922,QM9AA1495027
3923,QMAAK1644776
3924,QM9AA1565688
3925,USBPU1600010
3926,USR6V0800004
3927,USDY41674025
3928,USCGH0982077
3929,ushm21592058
3930,usdy41664529
3931,USDY41674026
3932,ushm21591314
3933,uscgh1659978
3934,USBPU1600004
3935,uscgh1659981
3936,uscgj1602281
3937,uscgj1602282
3938,QM4TW1512944
3939,USCGJ1768389
3940,CAAAB1600019
3941,USHM81613338
3942,QMZLS1500013
3943,usdy41644040
3944,DKZB21344303
3945,DKSV51300101
3946,GBULZ1400437
3947,QM9AA1608572
3948,USX9P1240870
3949,SEPQM0613114
3950,GBYYH0900046
3951,USV351368313
3952,TCACC1453525
3953,USDY41696988
3954,DEA620600527
3955,usdy41671592
3956,USCGJ1768390
3957,SEPQM0613114
3958,US4R31122542
3959,usdy41671593
3960,DKHOS0811908
3961,GBSGJ1321203
3962,USA371519720
3963,USA561210510
3964,USV291397424
3965,NO2BY0901100
3966,USDY41674027
3967,DER411081107
3968,NLA349500503
3969,FI5CK1403038
3970,DKZB21345103
3971,AUND00600571
3972,USV291319358
3973,BRUM70600639
3974,KRA300811714
3975,SEPQM0613171
3976,US6470750004
3977,SEPQA1300451
3978,NOAGW1300575
3979,USHM81613339
3980,USCGJ1768391
3981,DK-ABA-10-00795
3982,USCGH0982078
3983,DKZB21342703
3984,DKZB21341903
3985,SEYOK1426661
3986,USDY41620560
3987,BRRGE1300537
3988,USA370548369
3989,TCABC1175859
3990,FIPT60200163
3991,FR1X10930360
3992,QMEU31604912
3993,usdy41617507
3994,usdy41602502
3995,ATR980008252
3996,USA2P1461453
3997,USDY41752341
3998,USACX1003814
3999,SEVDN1202502
4000,USA371559527
4001,USCBK1112408
4002,DK-5C5-00-75541
4003,usdy41644042
4004,USDY41750599
4005,USDY41752340
4006,DKZB21343503
4007,BRUM71301110
4008,usdy41649798
4009,DEC738600028
4010,USDBB0604505
4011,DEA629353320
4012,QM9A91502425
4013,CH0011000267
4014,FR6V81792731
4015,NLD020100142
4016,TCABL1216113
4017,DEC719500277
4018,JPM941300619
4019,usdy41649795
4020,GBJSS1388318
4021,usdy41644045
4022,PTLR11400165
4023,USHM21670313
4024,JPCO01251440
4025,usdy41644044
4026,DEBL60834158
4027,USYJA1800003
4028,CA95U1600013
4029,USFB20672392
4030,DEBL61115221
4031,DEBL61115222
4032,DEBL60522216
4033,CAS430900107
4034,USVG29351601
4035,SEVGD0100508
4036,USX9P1039030
4037,USX9P1139925
4038,TCACJ1552264
4039,NLX401514062
4040,USL4R0736272
4041,ITP411400603
4042,FRX451555507
4043,USA2P1359382
4044,FR4GL1017373
4045,DEBL60844557
4046,USA2P1446425
4047,ATP571000130
4048,ATW491000102
4049,ATT250819190
4050,FR6V82213746
4051,FR4GL1052328
4052,FR4GL1040389
4053,FR6V80871378
4054,DKAXF0148005
4055,FR6V81779796
4056,FR4GL1038526
4057,FR10S1503966
4058,USQY51046737
4059,CA95U1600009
4060,QZ82A1700001
4061,QM9AA1671885
4062,USHM21745059
4063,Deah11600006
4064,USA371506963
4065,USFB20681425
4066,usdy41602503
4067,CAM460803991
4068,usdy41676580
4069,USHM81604691
4070,JPTO01001562
4071,USCGH1427211
4072,QM9AA1618844
4073,QZ2MP1600004
4074,FR2X41418355
4075,QMEU31604913
4076,QM9AA1618843
4077,QM9AA1618845
4078,QZ4UH1600019
4079,QM9AA1618850
4080,GBJUT0800342
4081,US8K20968302
4082,FR0W61301220
4083,JPF220801254
4084,usdy41671601
4085,GBAYE7100020
4086,GBULZ1101098
4087,GBULZ1101098
4088,usdy41610889
4089,USHM21609603
4090,usdy41610891
4091,GBAYE0302528
4092,USHM21609604
4093,DEE601000609
4094,US4R31022126
4095,usdy41671602
4096,USHM21609605
4097,usdy41671604
4098,QZ4UH1600018
4099,usdy41671606
4100,US8K20918302
4101,NLHR51510627
4102,FR6V81469847
4103,FR6V81417438
4104,GBHQC0565268
4105,USDY41814771
4106,FR6V80004893
4107,USHM21609606
4108,QZ4UH1600016
4109,QZ4UH1600017
4110,USHM81604692
4111,usdy41671596
4112,usdy41617460
4113,ushm21577907
4114,usdy41671598
4115,QM2TV1700011
4116,USCGJ1690121
4117,USCGJ1690123
4118,USV291435043
4119,usdy41649809
4120,usdy41649803
4121,DEND21400370
4122,usdy41676581
4123,usdy41676583
4124,usdy41671603
4125,usdy41676582
4126,USHM81604693
4127,QZ2MP1600016
4128,QZ2MP1600001
4129, FR6V82154088
4130,QZ2MP1600014
4131,US29X1014406
4132,GBCEU1339488
4133,QZ2MP1600015
4134,QM9AA1618852
4135,ushm21608167
4136,USHM21609591
4137,usdy41610892
4138,Deae61101092
4139,USA2P0894496
4140,USDY41814772
4141,USA560859458
4142,usdy41610890
4143,GBCEU1339490
4144,GBCEU1339489
4145,FR6V81425301
4146,usdy41671605
4147,USHM21609611
4148,USHM21609595
4149,USHM21609596
4150,US4R31238534
4151,USHM21609597
4152,FR6V80373068
4153,USHM21609607
4154,usdy41519654
4155,USHM21609610
4156,JPH450700144
4157,AUMW41004206
4158,USHM81604694
4159,DESN31311687
4160,QMEU31604914
4161,DESN31300384
4162,usdy41671599
4163,QZ4UH1600024
4164,uscgh1392342
4165,USHM81604695
4166,usdy41602504
4167,QZ4UH1600025
4168,QZ4UH1600023
4169,FR6V81404743
4170,QZ82A1700002
4171,FR6V82064487
4172,QZ4UH1600022
4173,usdy41617453
4174,USDY41814774
4175,usdy41671597
4176,usdy41671600
4177,usdy41649807
4178,USCGJ1690124
4179,QMAAK1696614
4180,NLC320802068
4181,FR2X41418349
4182,USHM81604696
4183,USHM21609598
4184,QZ3491600005
4185,ushm91345779
4186,QZ2MP1600009
4187,QMRR31613005
4188,QZ2MP1600011
4189,USUM70759538
4190,QZ4UH1600028
4191,QZ2MP1600012
4192,QZ2MP1600003
4193,QZ2MP1600002
4194,FR6V81473147
4195,FR6V80017930
4196,ATH301012130
4197,QZ4UH1600030
4198, QZ2MP1600008
4199,BR03D1200826
4200,SEWDL6009623
4201,ushm21602048
4202,USCGH0982082
4203,FR2X41414242
4204,QZ2MP1600005
4205,usdy41606851
4206,QZ4UH1600027
4207,QZ4UH1600026
4208,QZ4UH1600029
4209,USHM21609599
4210,usdy41629884
4211,QZ3491600002
4212,USHM81604697
4213,usdy41617461
4214,QMEU31608109
4215,usdy41602505
4216,QM5651500006
4217,usdy41676584
4218,USCGH0982083
4219,USDY41814773
4220,USHM81634143
4221,USCGH0982081
4222,DEBL60816619
4223,AUDD31403606
4224,QMVNQ1200011
4225,ATR981148968
4226,ITB001400505
4227,QMRR31613006
4228,BRAZ11500004
4229,QM-RR3-16-13007
4230,USHM81634141
4231,US8PN1603210
4232,JPZ921412274
4233,QMZLS1500016
4234,USCGH1461531
4235,GBAYE0302805
4236,USGN60701617
4237,QZ3491600001
4238,uscgh1601718
4239,TCACF1590190
4240,QMAAK1499213
4241,NLM550700001
4242,DEH840800813
4243,JPF471000054
4244,uscgh1601721
4245,ITC941201509
4246,uscgh1601719
4247,QM9A91517659
4248,QMAAK1499214
4249,uscgh1622031
4250,QM9A91502431
4251,uscgh1601722
4252,uscgh1622033
4253,uscgh1601720
4254,QM9A91517656
4255,uscgh1673988
4256,QM9A91517657
4257,QM9A91517660
4258,QM9A91517658
4259,QM99J1400001
4260,QM9A91517661
4261,QM9A91517662
4262,uscgh1673990
4263,QMZLS1500015
4264,USHM21549092
4265,USCGJ1690125
4266,QZ3491600003
4267,uscgh1673986
4268,QM9AA1568163
4269,uscgh1641376
4270,USBPU1600005
4271,USHM81604698
4272,QZ3491600004
4273,FR6V81476795
4274,USCA29800675
4275,ITC941202915
4276,USL4Q1730414
4277,USBPU1600006
4278,USHM21745061
4279,IT0961200425
4280, FR6V80340748
4281,US-BPU-16-00007
4282,QMRR31613008
4283,QM9AA1671887
4284,ushm81587029
4285,ushm81587030
4286,uscgh1641377
4287,uscgh1641380
4288,uscgh1661070
4289,QM9AA1568169
4290,uscgh1661072
4291,ushm81573192
4292,uscgh1622032
4293,QMEU31400568
4294,USDY41814775
4295,uscgh1624891
4296,USCGJ1690126
4297,USBPU1600009
4298,uscgh1622035
4299,usdy41604002
4300,uscgh1622036
4301,QMEU31400570
4302,QMEU31400571
4303,ushm81508753
4304,uscgh1624890
4305,uscgh1659734
4306,ushm81587037
4307,USDY41814776
4308,ushm81587031
4309,uscgh1622034
4310,uscgh1676003
4311,GBULZ1400437
4312,QZ-349-16-00007
4313,USEY51500287
4314,QMEU31400569
4315,ushm81587035
4316,USKAV0800049
4317,NLE870850601
4318,DE-H84-10-00703
4319,DEKU90600031
4320,DKZB21344303
4321,DKSV51300101
4322,usdy41676585
4323,ushm81573191
4324,FR0O70872678
4325,USX9P1240870
4326,uscgh1631087
4327,SEPQM0613114
4328,GBYYH0900046
4329,USV351368313
4330,TCACC1453525
4331,USDY41814777
4332,DEA620600527
4333,USCGH0982085
4334,SEPQM0613114
4335,US4R31122542
4336,uscgh1624892
4337,usdy41676586
4338,ushm81587034
4339,ushm81587036
4340,ushm81587032
4341,ushm81587033
4342,USHM81634146
4343,QM9A91504196
4344,USL4Q1730419
4345,ATR980008252
4346,USEY51500287
4347,DEBL60863702
4348,USA2P1461453
4349,USHM81602110
4350,USEY51500287
4351,USHM81611886
4352,DEBL60800614
4353,DEH840800813
4354,ZA-C01-13-00741
4355,USSM11407795
4356,US9DV1700001
4357,QM9AA1495026
4358,uscgj1644530
4359,uscgj1644531
4360,usdy41633064
4361,usdy41676587
4362,uscgh1622037
4363,QMAAK1644777
4364,GBSMU1210792
4365,uscgh1622039
4366,uscgh1622040
4367,uscgh1622038
4368,USDY41814778
4369,uscgh1641379
4370,USL4Q1730422
4371,QMAAK1644778
4372,uscgj1670271
4373,usdy41697593
4374,uscgj1686084
4375,usdy41697590
4376,QMEU31400577
4377,uscgh1624894
4378,uscgj1603131
4379,uscgj1603132
4380,uscgh1624893
4381,ushm81508988
4382,usdy41697591
4383,ushm81573193
4384,QMUAP1500005
4385,QMUAP1500008
4386,QM9AA1558146
4387,QM9AA1565691
4388,ushm21592061
4389,ushm21591789
4390,ushm21536123
4391,ushm21536128
4392,ushm21590365
4393,GBCEL1300600
4394,uscgh1680132
4395,uscgj1603133
4396,usdy41697595
4397,USL4Q1730418
4398,usdy41697587
4399,uscgh1680130
4400,usdy41633060
4401,QMEU31400573
4402,USA2P0612715
4403,FR6V80603391
4404,ZA-C01-13-00742
4405,QM9AA1495029
4406,uscgh1641375
4407,ushm81573194
4408,GB5N71500006
4409,uscgh1624895
4410,GB5N71500001
4411,usdy41594828
4412,uscgh1148017
4413,USTFD1002324
4414,GB5N71500002
4415,DESN31314904
4416,uscgh1641378
4417,GB5N71500003
4418, GB5N71500004
4419,USLZJ1757594
4420,QMJ5W1300005
4421,GB5N71500005
4422,USDY41746295
4423,uscgh1641371
4424,uscgh1148018
4425,uscgj1629055
4426,uscgh1673996
4427,uscgj1629056
4428,uscgj1651226
4429,uscgh1674000
4430,uscgh1627374
4431,usdy41633062
4432,QM9AA1565687
4433,USSM11003212
4434,uscgh1673994
4435,USDBB0600621
4436,uscgh1673999
4437,usdy41633061
4438,uscgh1641528
4439,USCGJ1690128
4440,FR4GL1012743
4441,ZA-C01-13-00743
4442,uscgh1625003
4443,GB-5N7-15-00007
4444,USDY41814779
4445,usdy41676589
4446,uscgj1644736
4447,uscgh1680123
4448,USL4Q1730424
4449,usdy41563217
4450,uscgj1685737
4451,uscgj1608585
4452,uscgj1608574
4453,ARJ271501547
4454,uscgj1629057
4455,uscgj1616305
4456,uscgj1685736
4457,QMAAK1644779
4458,uscgh1680121
4459,QMEU31400572
4460,QMAAK1644780
4461,uscgj1685735
4462,uscgh1641381
4463,uscgj1651229
4464,uscgj1651227
4465,uscgj1608587
4466,uscgj1651228
4467,uscgh1624896
4468,uscgj1651230
4469,USHM81616753
4470,uscgh1680129
4471,uscgh1680125
4472,uscgh1680126
4473,uscgh1680127
4474,ushm21112183
4475,uscgh1601759
4476,usdy41633063
